TGS2600,TGS2603,TGS2602,TGS2620,TGS832A,Label
10,13,7,3,21,Air
10,14,7,3,21,Air
10,14,7,3,21,Air
10,14,7,3,21,Air
10,13,7,3,21,Air
10,13,7,3,21,Air
10,13,7,3,21,Air
10,13,7,3,21,Air
10,13,7,3,21,Air
10,13,7,3,21,Air
10,13,7,3,21,Air
9,13,7,3,21,Air
10,13,7,3,21,Air
10,13,7,3,21,Air
9,13,7,3,21,Air
10,13,7,3,21,Air
9,13,7,3,21,Air
9,13,7,3,21,Air
10,13,7,3,21,Air
9,13,7,3,21,Air
9,13,7,3,21,Air
10,13,7,3,21,Air
9,13,7,3,21,Air
9,13,7,3,21,Air
10,13,7,3,21,Air
10,13,7,3,21,Air
10,13,7,3,21,Air
10,13,7,3,21,Air
9,13,7,3,21,Air
10,13,7,3,21,Air
9,13,7,3,21,Air
10,13,7,3,21,Air
9,13,7,3,21,Air
9,13,7,3,21,Air
9,13,7,3,21,Air
10,13,7,3,21,Air
9,13,7,3,21,Air
9,13,7,3,21,Air
10,13,7,3,21,Air
9,13,7,3,21,Air
10,13,7,3,21,Air
9,13,7,3,21,Air
9,13,7,3,21,Air
9,13,7,3,20,Air
9,13,7,3,21,Air
10,13,7,3,21,Air
10,13,7,3,20,Air
9,13,7,3,20,Air
9,13,7,3,21,Air
10,13,7,3,20,Air
9,13,7,3,20,Air
9,13,7,3,20,Air
9,13,7,3,20,Air
9,13,7,3,20,Air
10,13,7,3,20,Air
9,13,7,3,20,Air
9,13,7,3,20,Air
10,13,7,3,21,Air
10,13,7,3,20,Air
9,13,7,3,20,Air
10,13,7,3,21,Air
10,13,7,3,20,Air
9,13,7,3,20,Air
9,13,7,3,20,Air
9,13,7,3,21,Air
10,13,7,3,20,Air
9,13,7,3,20,Air
9,13,7,3,20,Air
9,13,7,3,21,Air
10,13,7,3,20,Air
9,13,7,3,20,Air
9,13,7,3,20,Air
9,13,7,3,20,Air
10,13,7,3,20,Air
9,13,7,3,20,Air
10,13,7,3,20,Air
10,13,7,3,20,Air
9,13,7,3,20,Air
10,13,7,3,20,Air
9,13,7,3,20,Air
9,13,7,3,20,Air
9,13,7,3,20,Air
9,13,7,3,20,Air
10,13,7,3,20,Air
10,13,7,3,20,Air
9,13,7,3,20,Air
9,13,7,3,20,Air
9,13,7,3,20,Air
10,13,7,3,20,Air
9,13,7,3,20,Air
9,13,7,3,20,Air
9,13,7,3,20,Air
9,13,7,3,20,Air
9,13,7,3,20,Air
9,13,7,3,20,Air
9,13,7,3,20,Air
9,13,7,3,20,Air
10,13,7,3,20,Air
9,13,7,3,20,Air
9,13,7,3,20,Air
10,13,7,3,20,Air
10,13,7,3,20,Air
9,13,7,3,20,Air
9,13,7,3,20,Air
9,13,7,3,20,Air
9,13,7,3,20,Air
9,13,7,3,20,Air
9,13,7,3,20,Air
10,13,7,3,20,Air
9,13,7,3,20,Air
9,13,7,3,20,Air
10,13,7,3,20,Air
10,13,7,3,20,Air
10,13,7,3,20,Air
10,13,7,3,20,Air
10,13,7,3,20,Air
9,13,7,3,20,Air
9,13,7,3,20,Air
9,13,7,3,20,Air
9,13,7,3,20,Air
9,13,7,3,20,Air
9,13,7,3,20,Air
9,13,7,3,20,Air
9,13,7,3,20,Air
9,13,7,3,20,Air
9,13,7,3,20,Air
9,13,7,3,20,Air
9,13,7,3,20,Air
9,13,7,3,20,Air
9,13,7,3,20,Air
9,13,7,3,20,Air
9,13,7,3,20,Air
9,13,7,3,20,Air
10,13,7,3,20,Air
9,13,7,3,20,Air
9,13,7,3,20,Air
9,13,7,3,20,Air
9,13,7,3,20,Air
10,13,7,3,20,Air
9,13,7,3,20,Air
9,13,7,3,20,Air
9,13,7,3,20,Air
9,13,7,3,20,Air
9,13,7,3,20,Air
9,13,7,3,20,Air
9,13,7,3,20,Air
9,13,7,3,20,Air
9,13,7,3,20,Air
9,13,7,3,20,Air
9,13,7,3,20,Air
9,13,7,3,20,Air
9,13,7,3,20,Air
9,13,7,3,20,Air
9,13,7,3,20,Air
9,13,7,3,20,Air
9,13,7,3,20,Air
9,13,7,3,20,Air
10,13,7,3,20,Air
9,13,7,3,20,Air
9,13,7,3,20,Air
9,13,7,3,20,Air
9,13,7,3,20,Air
9,13,7,3,20,Air
10,13,7,3,20,Air
10,13,7,3,20,Air
9,13,7,3,20,Air
9,13,7,3,20,Air
9,13,7,3,20,Air
10,13,7,3,20,Air
9,13,7,3,20,Air
9,13,7,3,20,Air
9,13,7,3,20,Air
9,13,7,3,20,Air
9,13,7,3,20,Air
9,13,7,3,20,Air
9,13,7,3,20,Air
9,13,7,3,20,Air
10,13,7,3,20,Air
9,13,7,3,20,Air
9,13,8,3,21,Air
9,13,7,3,21,Air
9,13,7,3,21,Air
9,13,7,3,20,Air
10,13,7,3,20,Air
10,13,8,3,21,Air
9,13,7,3,21,Air
10,13,7,3,21,Air
10,13,7,3,21,Air
9,13,7,3,20,Air
10,13,7,3,21,Air
9,13,7,3,21,Air
9,13,7,3,20,Air
9,13,7,3,21,Air
9,13,7,3,20,Air
9,13,7,3,21,Air
9,13,7,3,21,Air
9,13,7,3,21,Air
10,13,7,3,20,Air
9,13,8,3,21,Air
10,13,7,3,21,Air
10,13,7,3,21,Air
10,13,7,3,20,Air
10,13,7,3,21,Air
10,13,7,3,21,Air
10,13,7,3,20,Air
9,13,7,3,21,Air
9,13,7,3,21,Air
10,13,7,3,20,Air
10,13,7,3,20,Air
10,13,7,3,20,Air
10,13,7,3,21,Air
10,13,7,3,20,Air
10,13,7,3,20,Air
9,13,7,3,20,Air
10,13,7,3,20,Air
9,13,7,3,20,Air
10,13,7,3,20,Air
9,13,7,3,20,Air
10,13,7,3,20,Air
9,13,7,3,20,Air
9,13,7,3,20,Air
9,13,7,3,20,Air
10,13,7,3,20,Air
10,13,7,3,20,Air
9,13,7,3,20,Air
9,13,7,3,20,Air
9,13,7,3,20,Air
9,13,7,3,20,Air
9,13,7,3,20,Air
9,13,7,3,20,Air
10,13,7,3,20,Air
9,13,7,3,20,Air
9,13,7,3,20,Air
9,13,7,3,20,Air
9,13,7,3,20,Air
9,13,7,3,20,Air
10,13,7,3,20,Air
9,13,7,3,20,Air
10,13,7,3,20,Air
9,12,7,3,20,Air
10,13,7,3,20,Air
9,13,7,3,20,Air
9,13,7,3,20,Air
9,13,7,3,20,Air
9,13,7,3,20,Air
9,13,7,3,20,Air
9,13,7,3,20,Air
9,13,7,3,20,Air
10,13,7,3,20,Air
9,13,7,3,20,Air
9,13,7,3,20,Air
9,13,7,3,20,Air
9,13,7,3,20,Air
9,13,7,3,20,Air
9,13,7,3,20,Air
9,13,7,3,20,Air
9,13,7,3,20,Air
9,13,7,3,20,Air
9,13,7,3,20,Air
9,13,7,3,20,Air
9,13,7,3,20,Air
9,13,7,3,20,Air
9,13,7,3,20,Air
9,13,7,3,20,Air
9,13,7,3,20,Air
9,13,7,3,20,Air
9,13,7,3,20,Air
9,13,7,3,20,Air
9,12,7,3,20,Air
9,13,7,3,20,Air
9,13,7,3,20,Air
9,12,7,3,20,Air
9,13,7,3,20,Air
10,12,7,3,20,Air
9,13,7,3,20,Air
9,13,7,3,20,Air
9,13,7,3,20,Air
9,12,7,3,20,Air
9,13,7,3,20,Air
9,12,7,3,20,Air
10,13,7,3,20,Air
10,13,7,3,20,Air
9,12,7,3,20,Air
9,12,7,3,20,Air
9,12,7,3,20,Air
9,13,7,3,20,Air
9,13,7,3,20,Air
9,12,7,3,20,Air
9,12,7,3,20,Air
10,12,7,3,20,Air
10,13,7,3,20,Air
9,12,7,3,20,Air
9,13,7,3,20,Air
9,13,7,3,20,Air
9,12,7,3,20,Air
9,12,7,3,20,Air
9,12,7,3,20,Air
9,13,7,3,20,Air
9,12,7,3,20,Air
9,12,7,3,20,Air
9,12,7,3,20,Air
9,12,7,3,20,Air
9,12,7,3,20,Air
9,12,7,3,20,Air
9,12,7,3,20,Air
9,12,7,3,20,Air
9,12,7,3,20,Air
9,12,7,3,20,Air
10,12,7,3,20,Air
9,12,7,3,20,Air
9,12,7,3,20,Air
9,12,7,3,20,Air
9,12,7,3,20,Air
9,13,7,3,20,Air
9,12,7,3,20,Air
9,12,7,3,20,Air
9,12,7,3,20,Air
9,12,7,3,20,Air
9,12,7,3,20,Air
9,12,7,3,20,Air
9,13,7,3,20,Air
9,12,7,3,20,Air
9,12,7,3,20,Air
9,12,7,3,20,Air
9,12,7,3,20,Air
9,12,7,3,20,Air
9,12,7,3,20,Air
9,12,7,3,20,Air
9,12,7,3,20,Air
9,12,7,3,20,Air
9,12,7,3,20,Air
9,12,7,3,20,Air
9,12,7,3,20,Air
9,12,7,3,20,Air
9,12,7,3,20,Air
9,12,7,3,20,Air
9,12,7,3,20,Air
9,12,7,3,20,Air
9,12,7,3,20,Air
9,12,7,3,20,Air
9,12,7,3,20,Air
9,12,7,3,20,Air
9,13,7,3,20,Air
9,13,7,3,20,Air
9,12,7,3,20,Air
9,12,7,3,20,Air
9,12,7,3,20,Air
10,12,7,3,20,Air
9,12,7,3,20,Air
9,12,7,3,20,Air
9,12,7,3,20,Air
9,12,7,3,20,Air
9,12,7,3,20,Air
9,12,7,3,20,Air
9,13,7,3,20,Air
9,12,7,3,20,Air
9,12,7,3,20,Air
9,12,7,3,20,Air
9,12,7,3,20,Air
9,12,7,3,20,Air
9,12,7,3,20,Air
9,12,7,3,20,Air
9,12,7,3,20,Air
10,12,7,3,20,Air
9,12,7,3,20,Air
9,12,7,3,20,Air
9,12,7,3,20,Air
9,13,7,3,20,Air
9,12,7,3,20,Air
9,12,7,3,20,Air
9,12,7,3,20,Air
9,12,7,3,20,Air
10,12,7,3,20,Air
9,12,7,3,20,Air
9,13,7,3,20,Air
9,12,7,3,20,Air
9,12,7,3,20,Air
9,12,7,3,20,Air
9,12,7,3,20,Air
9,12,7,3,20,Air
9,12,7,3,20,Air
9,13,7,3,20,Air
9,12,7,3,20,Air
9,12,7,3,20,Air
9,12,7,3,20,Air
9,12,7,3,20,Air
9,12,7,3,20,Air
9,12,7,3,20,Air
9,12,7,3,20,Air
9,12,7,3,20,Air
9,12,7,3,20,Air
9,12,6,3,20,Air
9,12,7,3,20,Air
9,12,7,3,20,Air
9,12,7,3,20,Air
9,12,7,3,20,Air
9,12,7,3,20,Air
10,12,7,3,20,Air
9,12,7,3,20,Air
9,12,7,3,20,Air
9,12,7,3,20,Air
9,12,7,3,20,Air
9,12,7,3,20,Air
9,12,7,3,20,Air
9,12,7,3,20,Air
9,12,7,3,20,Air
9,12,7,3,20,Air
9,12,6,3,20,Air
9,12,7,3,20,Air
9,12,7,3,20,Air
10,12,7,3,20,Air
9,12,7,3,20,Air
10,12,7,3,20,Air
9,12,7,3,20,Air
9,12,7,3,20,Air
9,12,7,3,20,Air
9,12,7,3,20,Air
9,12,7,3,20,Air
9,12,7,3,20,Air
9,12,7,3,20,Air
9,12,7,3,20,Air
9,12,7,3,20,Air
9,12,7,3,20,Air
9,12,7,3,20,Air
9,12,7,3,20,Air
9,12,7,3,20,Air
9,12,7,3,20,Air
9,12,7,3,20,Air
10,12,7,3,20,Air
9,12,7,3,20,Air
9,12,7,3,20,Air
9,12,7,3,20,Air
9,12,7,3,20,Air
9,12,7,3,20,Air
9,12,6,3,20,Air
9,12,7,3,20,Air
9,12,7,3,20,Air
9,12,7,3,20,Air
9,12,7,3,20,Air
9,12,7,3,20,Air
9,12,7,3,20,Air
9,12,7,3,20,Air
9,12,7,3,20,Air
9,12,7,3,20,Air
9,12,7,3,20,Air
9,12,7,3,20,Air
10,12,7,3,20,Air
9,12,7,3,20,Air
9,12,7,3,20,Air
9,12,7,3,20,Air
9,12,7,3,20,Air
10,12,7,3,20,Air
9,12,7,3,20,Air
9,12,7,3,20,Air
9,12,7,3,20,Air
9,12,7,3,20,Air
9,12,7,3,20,Air
9,12,7,3,20,Air
9,12,7,3,20,Air
9,12,7,3,20,Air
9,12,7,3,20,Air
9,12,7,3,20,Air
9,12,7,3,20,Air
9,12,7,3,20,Air
9,12,7,3,20,Air
9,12,7,3,20,Air
9,12,7,3,20,Air
9,12,7,3,20,Air
9,12,7,3,20,Air
10,12,7,3,20,Air
9,12,7,3,20,Air
9,12,7,3,20,Air
9,12,7,3,20,Air
9,12,7,3,20,Air
9,12,7,3,20,Air
9,12,7,3,20,Air
9,12,7,3,20,Air
9,12,6,3,20,Air
9,12,7,3,20,Air
9,12,7,3,20,Air
9,12,7,3,20,Air
9,12,7,3,20,Air
9,12,7,3,20,Air
9,12,7,3,20,Air
9,12,7,3,20,Air
9,12,7,3,20,Air
9,12,7,3,20,Air
9,12,7,3,20,Air
9,12,7,3,20,Air
9,12,7,3,20,Air
9,12,7,3,20,Air
9,12,7,3,20,Air
9,12,7,3,20,Air
9,12,7,3,20,Air
9,12,7,3,20,Air
9,12,7,3,20,Air
9,12,7,3,20,Air
9,12,7,3,20,Air
9,12,7,3,20,Air
9,12,7,3,20,Air
9,12,7,3,20,Air
9,12,7,3,20,Air
9,12,7,3,20,Air
9,12,7,3,20,Air
9,12,7,3,20,Air
9,12,7,3,20,Air
9,12,7,3,20,Air
9,12,7,3,20,Air
9,12,7,3,20,Air
9,12,6,3,20,Air
9,12,7,3,20,Air
9,12,7,3,20,Air
9,12,7,3,20,Air
9,12,7,3,20,Air
9,12,7,3,20,Air
9,12,7,3,20,Air
9,12,7,3,20,Air
9,12,7,3,20,Air
9,12,7,3,20,Air
9,12,7,3,20,Air
9,12,7,3,20,Air
9,12,7,3,20,Air
10,12,7,3,20,Air
9,12,7,3,20,Air
9,12,7,3,20,Air
9,12,7,3,20,Air
9,12,7,3,20,Air
9,12,7,3,20,Air
9,12,7,3,20,Air
9,12,7,3,20,Air
9,12,7,3,20,Air
9,12,7,3,20,Air
9,12,7,3,20,Air
9,12,7,3,20,Air
9,12,7,3,20,Air
9,12,7,3,20,Air
9,12,7,3,20,Air
9,12,7,3,20,Air
9,12,7,3,20,Air
9,12,7,3,20,Air
9,12,7,3,20,Air
9,12,7,3,20,Air
9,12,7,3,20,Air
9,12,7,3,20,Air
9,12,7,3,20,Air
9,12,7,3,20,Air
9,12,7,3,20,Air
9,12,7,3,20,Air
9,12,7,3,20,Air
9,12,7,3,20,Air
9,12,7,3,20,Air
9,12,7,3,20,Air
9,12,7,3,20,Air
10,12,7,3,20,Air
9,12,7,3,20,Air
9,12,7,3,20,Air
10,12,7,3,20,Air
9,12,7,3,20,Air
9,12,7,3,20,Air
9,12,7,3,20,Air
9,12,7,3,20,Air
9,12,7,3,20,Air
9,12,7,3,20,Air
9,13,7,3,20,Air
9,12,7,3,20,Air
9,12,7,3,20,Air
9,13,7,3,20,Air
9,12,7,3,20,Air
10,13,7,3,20,Air
9,13,7,3,21,Air
9,13,7,3,20,Air
10,13,7,3,20,Air
9,13,7,3,20,Air
10,13,7,3,20,Air
9,13,7,3,21,Air
9,13,7,3,21,Air
10,13,7,3,21,Air
10,13,7,3,21,Air
10,13,7,3,21,Air
9,13,7,3,21,Air
9,13,7,3,21,Air
9,13,7,3,20,Air
10,13,7,3,21,Air
10,13,7,3,21,Air
9,13,7,3,21,Air
9,13,7,3,20,Air
9,13,7,3,21,Air
9,13,7,3,20,Air
10,13,7,3,21,Air
9,13,7,3,21,Air
9,13,7,3,20,Air
9,13,7,3,20,Air
10,13,7,3,21,Air
9,13,7,3,21,Air
10,13,7,3,20,Air
10,13,7,3,20,Air
9,13,7,3,20,Air
10,13,7,3,20,Air
9,13,7,3,20,Air
10,13,7,3,20,Air
10,12,7,3,20,Air
10,13,7,3,20,Air
9,13,7,3,20,Air
9,13,7,3,20,Air
9,13,7,3,20,Air
10,13,7,3,20,Air
9,12,7,3,20,Air
10,12,7,3,20,Air
10,13,7,3,20,Air
10,13,7,3,20,Air
9,13,7,3,20,Air
9,12,7,3,20,Air
9,13,7,3,20,Air
9,13,7,3,20,Air
9,12,7,3,20,Air
9,12,7,3,20,Air
9,12,7,3,20,Air
9,12,7,3,20,Air
9,12,7,3,20,Air
9,12,7,3,20,Air
10,12,7,3,20,Air
9,12,7,3,20,Air
9,12,7,3,20,Air
9,12,7,3,20,Air
9,12,7,3,20,Air
9,12,7,3,20,Air
9,12,7,3,20,Air
9,12,7,3,20,Air
9,12,7,3,20,Air
9,12,7,3,20,Air
9,12,7,3,20,Air
10,12,7,3,20,Air
9,12,7,3,20,Air
9,12,7,3,20,Air
9,12,7,3,20,Air
9,12,7,3,20,Air
9,12,7,3,20,Air
9,12,7,3,20,Air
9,12,7,3,20,Air
9,12,6,3,20,Air
9,12,7,3,20,Air
9,12,7,3,20,Air
9,12,7,3,20,Air
9,12,7,3,20,Air
9,12,7,3,20,Air
9,12,7,3,20,Air
10,12,7,3,20,Air
9,12,7,3,20,Air
9,12,6,3,20,Air
9,12,7,3,20,Air
9,12,7,3,20,Air
9,12,7,3,20,Air
9,12,7,3,20,Air
9,12,7,3,20,Air
9,12,7,3,20,Air
9,12,7,3,20,Air
9,12,6,3,20,Air
9,12,7,3,20,Air
9,12,6,3,20,Air
9,12,7,3,20,Air
9,12,6,3,20,Air
9,12,7,3,20,Air
9,12,6,3,20,Air
9,12,7,3,20,Air
9,12,7,3,20,Air
10,12,7,3,20,Air
9,12,7,3,20,Air
9,12,6,3,20,Air
9,12,6,3,20,Air
9,12,6,3,20,Air
9,12,6,3,20,Air
9,12,6,3,20,Air
9,12,7,3,20,Air
9,12,6,3,20,Air
9,12,6,3,20,Air
10,12,6,3,20,Air
9,12,6,3,20,Air
9,12,7,3,20,Air
9,12,6,3,20,Air
9,12,7,3,20,Air
9,12,7,3,20,Air
10,12,6,3,20,Air
9,12,6,3,20,Air
9,12,7,3,20,Air
9,12,6,3,20,Air
9,12,6,3,20,Air
9,12,6,3,20,Air
9,12,7,3,20,Air
9,12,6,3,20,Air
9,12,6,3,20,Air
9,12,6,3,20,Air
9,12,6,3,20,Air
9,12,6,3,20,Air
9,12,6,3,20,Air
9,12,6,3,20,Air
9,12,7,3,20,Air
9,12,6,3,20,Air
9,12,7,3,20,Air
9,12,6,3,20,Air
9,12,6,3,20,Air
9,12,6,3,20,Air
9,12,6,3,20,Air
9,12,6,3,20,Air
9,12,6,3,20,Air
9,12,6,3,20,Air
9,12,6,3,20,Air
9,12,6,3,20,Air
9,12,6,3,20,Air
9,12,6,3,20,Air
9,12,6,3,20,Air
9,12,7,3,20,Air
10,12,6,3,20,Air
9,12,6,3,20,Air
9,12,6,3,20,Air
9,12,7,3,20,Air
9,12,6,3,20,Air
9,12,6,3,20,Air
9,12,7,3,20,Air
9,12,6,3,20,Air
9,12,6,3,20,Air
10,12,6,3,20,Air
9,12,6,3,20,Air
9,12,6,3,20,Air
9,12,6,3,20,Air
9,12,6,3,20,Air
9,12,6,3,20,Air
9,12,6,3,20,Air
9,12,6,3,20,Air
9,12,7,3,20,Air
9,12,6,3,20,Air
9,12,7,3,20,Air
9,12,6,3,20,Air
9,12,6,3,20,Air
9,12,6,3,20,Air
9,12,6,3,20,Air
9,12,6,3,20,Air
9,12,6,3,20,Air
9,12,6,3,20,Air
9,12,6,3,20,Air
9,12,6,3,20,Air
9,12,6,3,20,Air
9,12,6,3,20,Air
9,12,6,3,20,Air
9,12,6,3,20,Air
9,12,6,3,20,Air
9,12,6,3,20,Air
9,12,7,3,20,Air
9,12,6,3,20,Air
9,12,6,3,20,Air
9,12,6,3,20,Air
9,12,7,3,20,Air
9,12,6,3,20,Air
9,12,6,3,20,Air
9,12,6,3,20,Air
9,12,6,3,20,Air
9,12,6,3,20,Air
9,12,6,3,20,Air
9,12,6,3,20,Air
9,12,6,3,20,Air
9,12,6,3,20,Air
9,12,6,3,20,Air
9,12,7,3,20,Air
9,12,6,3,20,Air
9,12,7,3,20,Air
9,12,6,3,20,Air
10,12,6,3,20,Air
9,12,6,3,20,Air
9,12,6,3,20,Air
9,12,6,3,20,Air
9,12,6,3,20,Air
9,12,6,3,20,Air
9,12,6,3,20,Air
9,12,6,3,20,Air
9,12,6,3,20,Air
9,12,6,3,20,Air
9,12,6,3,20,Air
9,12,6,3,20,Air
9,12,6,3,20,Air
9,12,6,3,20,Air
9,12,6,3,20,Air
9,12,6,3,20,Air
9,12,6,3,20,Air
9,12,6,3,20,Air
9,12,6,3,20,Air
9,12,6,3,20,Air
9,12,6,3,20,Air
9,12,6,3,20,Air
9,12,6,3,20,Air
9,12,6,3,20,Air
9,12,6,3,20,Air
9,12,6,3,20,Air
9,12,6,3,20,Air
9,12,6,3,20,Air
9,12,6,3,20,Air
9,12,6,3,20,Air
9,12,6,3,20,Air
9,12,7,3,20,Air
9,12,6,3,20,Air
9,12,6,3,20,Air
9,12,7,3,20,Air
9,12,6,3,20,Air
9,12,6,3,20,Air
9,12,6,3,20,Air
9,12,6,3,20,Air
9,12,7,3,20,Air
10,12,7,3,20,Air
9,12,7,3,20,Air
9,12,6,3,20,Air
9,12,6,3,20,Air
9,12,6,3,20,Air
9,12,6,3,20,Air
9,12,6,3,20,Air
9,12,6,3,20,Air
9,12,6,3,20,Air
9,12,6,3,20,Air
9,12,6,3,20,Air
9,12,6,3,20,Air
9,12,6,3,20,Air
9,12,6,3,20,Air
10,12,6,3,20,Air
9,12,7,3,20,Air
9,12,6,3,20,Air
9,12,6,3,20,Air
9,12,7,3,20,Air
9,12,6,3,20,Air
9,12,6,3,20,Air
9,12,6,3,20,Air
9,12,7,3,20,Air
9,12,6,3,20,Air
9,12,6,3,20,Air
9,12,6,3,20,Air
9,12,6,3,20,Air
9,12,6,3,20,Air
9,12,6,3,20,Air
9,12,7,3,20,Air
9,12,7,3,20,Air
9,12,6,3,20,Air
9,12,6,3,20,Air
9,12,6,3,20,Air
9,12,6,3,20,Air
9,12,7,3,20,Air
9,12,6,3,20,Air
9,12,6,3,20,Air
9,12,6,3,20,Air
9,12,6,3,20,Air
9,12,6,3,20,Air
9,12,6,3,20,Air
9,12,6,3,20,Air
9,12,6,3,20,Air
9,12,6,3,20,Air
9,12,6,3,20,Air
9,12,6,3,20,Air
9,12,6,3,20,Air
9,12,6,3,20,Air
9,12,6,3,20,Air
9,12,6,3,20,Air
9,12,6,3,20,Air
9,12,6,3,20,Air
9,12,6,3,20,Air
9,12,6,3,20,Air
9,12,7,3,20,Air
10,12,6,3,20,Air
9,12,6,3,20,Air
9,12,6,3,20,Air
9,12,6,3,20,Air
9,12,6,3,20,Air
9,12,6,3,20,Air
9,12,6,3,20,Air
9,12,6,3,20,Air
9,12,6,3,20,Air
9,12,6,3,20,Air
9,12,6,3,20,Air
9,12,6,3,20,Air
9,12,6,3,20,Air
9,12,6,3,20,Air
9,12,6,3,20,Air
9,12,6,3,20,Air
9,12,7,3,20,Air
9,12,6,3,20,Air
9,12,6,3,20,Air
9,12,6,3,20,Air
9,12,6,3,20,Air
9,12,6,3,20,Air
9,12,6,3,20,Air
9,12,6,3,20,Air
10,12,6,3,20,Air
9,11,6,3,20,Air
9,12,6,3,20,Air
9,12,6,3,20,Air
9,12,6,3,20,Air
9,12,6,3,20,Air
9,12,7,3,20,Air
9,12,6,3,20,Air
9,12,6,3,20,Air
9,12,6,3,20,Air
9,12,6,3,20,Air
9,12,7,3,20,Air
9,12,6,3,20,Air
9,12,6,3,20,Air
9,12,6,3,20,Air
9,12,6,3,20,Air
9,12,6,3,20,Air
9,11,7,3,20,Air
9,12,6,3,20,Air
9,12,6,3,20,Air
9,12,6,3,20,Air
9,12,6,3,20,Air
9,12,6,3,20,Air
9,12,6,3,20,Air
9,12,6,3,20,Air
9,12,7,3,20,Air
9,12,7,3,20,Air
9,12,6,3,20,Air
9,12,6,3,20,Air
9,12,6,3,20,Air
9,12,7,3,20,Air
9,12,7,3,20,Air
10,12,6,3,20,Air
9,12,6,3,20,Air
9,12,6,3,20,Air
9,12,6,3,20,Air
9,12,6,3,20,Air
9,12,6,3,20,Air
9,12,7,3,20,Air
9,12,6,3,20,Air
9,12,6,3,20,Air
9,12,7,3,20,Air
9,12,6,3,20,Air
9,12,7,3,20,Air
9,12,6,3,20,Air
9,12,7,3,20,Air
9,12,6,3,20,Air
9,12,6,3,20,Air
9,12,7,3,20,Air
9,12,7,3,20,Air
9,12,7,3,20,Air
9,12,6,3,20,Air
9,12,6,3,20,Air
9,12,6,3,20,Air
9,12,7,3,20,Air
9,12,7,3,20,Air
9,12,7,3,20,Air
9,12,6,3,20,Air
10,12,6,3,20,Air
9,12,6,3,20,Air
9,12,7,3,20,Air
9,12,6,3,20,Air
9,12,7,3,20,Air
9,12,6,3,20,Air
9,12,7,3,20,Air
9,12,7,3,20,Air
9,12,6,3,20,Air
9,12,6,3,20,Air
9,12,7,3,20,Air
9,12,7,3,20,Air
9,12,6,3,20,Air
9,12,6,3,20,Air
9,12,6,3,20,Air
9,12,7,3,20,Air
9,12,6,3,20,Air
9,12,6,3,20,Air
9,12,6,3,20,Air
9,12,7,3,20,Air
9,12,6,3,20,Air
9,12,6,3,20,Air
9,12,6,3,20,Air
9,12,6,3,20,Air
10,12,7,3,20,Air
9,12,7,3,20,Air
9,12,7,3,20,Air
9,12,7,3,20,Air
9,12,7,3,20,Air
10,12,7,3,20,Air
9,12,7,3,20,Air
9,12,6,3,20,Air
9,12,7,3,20,Air
9,12,7,3,20,Air
9,12,7,3,20,Air
9,12,6,3,20,Air
9,12,7,3,20,Air
9,12,7,3,20,Air
9,12,7,3,20,Air
9,12,7,3,20,Air
9,12,7,3,20,Air
9,12,7,3,20,Air
9,12,7,3,20,Air
9,12,7,3,20,Air
9,12,7,3,20,Air
9,12,7,3,20,Air
9,12,7,3,20,Air
9,12,7,3,20,Air
9,12,6,3,20,Air
9,12,7,3,20,Air
9,12,6,3,20,Air
9,12,7,3,20,Air
9,12,7,3,20,Air
9,12,7,3,20,Air
9,12,6,3,20,Air
9,12,7,3,20,Air
9,12,6,3,20,Air
9,12,7,3,20,Air
9,12,7,3,20,Air
10,12,7,3,20,Air
9,12,6,3,20,Air
10,12,7,3,20,Air
9,12,7,3,20,Air
9,12,6,3,20,Air
10,12,6,3,20,Air
9,12,7,3,20,Air
9,12,6,3,20,Air
9,12,7,3,20,Air
9,12,7,3,20,Air
9,12,7,3,20,Air
9,12,6,3,20,Air
9,12,7,3,20,Air
9,12,6,3,20,Air
9,12,6,3,20,Air
9,12,6,3,20,Air
9,12,6,3,20,Air
9,12,7,3,20,Air
9,12,7,3,20,Air
9,12,7,3,20,Air
9,12,6,3,20,Air
9,12,7,3,20,Air
9,12,6,3,20,Air
9,12,6,3,20,Air
9,12,6,3,20,Air
9,12,7,3,20,Air
9,12,6,3,20,Air
9,12,7,3,20,Air
9,12,7,3,20,Air
9,12,6,3,20,Air
9,12,6,3,20,Air
9,12,7,3,20,Air
9,12,7,3,20,Air
9,12,6,3,20,Air
9,12,6,3,20,Air
9,12,6,3,20,Air
9,12,6,3,20,Air
10,12,6,3,20,Air
9,12,6,3,20,Air
9,12,6,3,20,Air
9,12,6,3,20,Air
9,12,6,3,20,Air
9,12,7,3,20,Air
9,12,6,3,20,Air
9,12,6,3,20,Air
9,12,6,3,20,Air
9,12,6,3,20,Air
9,12,6,3,20,Air
9,12,6,3,20,Air
9,12,6,3,20,Air
9,12,6,3,20,Air
9,12,6,3,20,Air
9,12,6,3,20,Air
9,12,7,3,20,Air
9,12,6,3,20,Air
9,12,6,3,20,Air
9,12,6,3,20,Air
9,12,6,3,20,Air
9,12,6,3,20,Air
9,12,6,3,20,Air
9,12,6,3,20,Air
10,12,6,3,20,Air
9,12,7,3,20,Air
9,12,7,3,20,Air
9,12,7,3,20,Air
9,12,7,3,20,Air
9,12,7,3,20,Air
9,12,6,3,20,Air
9,12,6,3,20,Air
9,12,6,3,20,Air
9,12,7,3,20,Air
9,12,6,3,20,Air
9,12,6,3,20,Air
9,12,6,3,20,Air
9,12,6,3,20,Air
9,12,6,3,20,Air
9,12,6,3,20,Air
9,12,6,3,20,Air
9,12,6,3,20,Air
9,12,7,3,20,Air
9,12,7,3,20,Air
9,12,6,3,20,Air
9,12,6,3,20,Air
10,12,6,3,20,Air
9,12,6,3,20,Air
9,12,6,3,20,Air
9,12,6,3,20,Air
9,12,6,3,20,Air
9,12,6,3,20,Air
9,12,6,3,20,Air
9,12,6,3,20,Air
9,12,7,3,20,Air
9,12,6,3,20,Air
9,12,6,3,20,Air
9,12,6,3,20,Air
9,12,7,3,20,Air
9,12,6,3,20,Air
10,12,6,3,20,Air
9,12,6,3,20,Air
9,12,6,3,20,Air
9,12,6,3,20,Air
9,12,7,3,20,Air
9,12,7,3,20,Air
10,12,6,3,20,Air
9,12,6,3,20,Air
9,12,6,3,20,Air
9,12,6,3,20,Air
9,12,6,3,20,Air
9,12,6,3,20,Air
9,12,6,3,20,Air
9,12,6,3,20,Air
9,12,6,3,20,Air
10,12,6,3,20,Air
9,12,7,3,20,Air
9,12,6,3,20,Air
9,12,6,3,20,Air
9,12,6,3,20,Air
9,12,6,3,20,Air
9,12,6,3,20,Air
9,12,6,3,20,Air
9,12,6,3,20,Air
9,12,6,3,20,Air
9,12,7,3,20,Air
9,12,6,3,20,Air
9,12,7,3,20,Air
9,12,6,3,20,Air
9,12,7,3,20,Air
9,12,6,3,20,Air
9,12,6,3,20,Air
9,12,6,3,20,Air
9,12,6,3,20,Air
9,12,6,3,20,Air
9,12,6,3,20,Air
9,12,7,3,20,Air
9,12,7,3,20,Air
9,12,6,3,20,Air
9,12,6,3,20,Air
9,12,6,3,20,Air
9,12,6,3,20,Air
9,12,6,3,20,Air
9,12,6,3,20,Air
9,12,6,3,20,Air
9,12,6,3,20,Air
9,12,6,3,20,Air
9,12,6,3,20,Air
9,12,6,3,20,Air
9,12,6,3,20,Air
9,12,6,3,20,Air
9,12,6,3,20,Air
9,12,6,3,20,Air
9,12,6,3,20,Air
9,12,6,3,20,Air
9,12,6,3,20,Air
9,12,6,3,20,Air
10,12,6,3,20,Air
9,12,6,3,20,Air
9,12,6,3,20,Air
9,12,6,3,20,Air
9,12,6,3,20,Air
9,12,6,3,20,Air
9,12,6,3,20,Air
9,12,6,3,20,Air
9,12,6,3,20,Air
9,12,6,3,20,Air
9,12,6,3,20,Air
9,12,6,3,20,Air
9,12,6,3,20,Air
9,12,6,3,20,Air
9,12,6,3,20,Air
9,12,6,3,20,Air
9,12,6,3,20,Air
9,12,6,3,20,Air
9,12,6,3,20,Air
9,12,6,3,20,Air
9,12,6,3,20,Air
9,12,6,3,20,Air
9,12,6,3,20,Air
9,12,6,3,20,Air
9,12,6,3,20,Air
9,12,7,3,20,Air
9,12,7,3,20,Air
9,12,6,3,20,Air
9,12,6,3,20,Air
9,12,7,3,20,Air
9,12,7,3,20,Air
9,12,6,3,20,Air
9,12,6,3,20,Air
9,12,6,3,20,Air
9,12,6,3,20,Air
9,12,7,3,20,Air
76,210,166,36,92,Eth
86,232,197,47,122,Eth
100,255,229,44,141,Eth
122,272,245,44,151,Eth
136,284,266,39,157,Eth
139,280,269,32,154,Eth
140,274,267,26,149,Eth
139,267,264,22,143,Eth
140,259,260,18,137,Eth
138,253,257,16,132,Eth
137,248,253,14,127,Eth
135,241,248,12,121,Eth
131,235,243,11,115,Eth
128,230,238,10,110,Eth
125,224,232,9,105,Eth
120,218,226,9,100,Eth
116,212,220,8,95,Eth
112,206,214,8,91,Eth
108,201,207,7,87,Eth
104,196,201,7,83,Eth
100,191,195,7,80,Eth
95,186,188,7,77,Eth
92,181,182,6,74,Eth
88,176,176,6,72,Eth
86,184,174,6,70,Eth
85,188,173,6,68,Eth
82,184,168,6,66,Eth
79,179,163,6,64,Eth
76,174,157,6,63,Eth
74,171,151,6,61,Eth
86,199,165,6,64,Eth
95,218,171,6,67,Eth
97,217,169,6,67,Eth
97,217,182,8,100,Eth
97,218,195,8,119,Eth
97,214,195,8,121,Eth
94,208,192,7,118,Eth
91,202,188,7,114,Eth
88,196,183,6,109,Eth
85,192,178,6,104,Eth
85,201,173,6,99,Eth
92,236,176,6,95,Eth
100,247,178,5,91,Eth
101,243,175,6,88,Eth
99,237,171,5,84,Eth
102,234,166,5,80,Eth
102,229,161,5,77,Eth
99,223,156,5,74,Eth
97,219,151,5,72,Eth
97,218,147,5,69,Eth
96,213,142,5,67,Eth
93,207,137,5,65,Eth
90,201,131,5,63,Eth
86,196,126,5,61,Eth
84,191,121,5,59,Eth
81,187,116,5,58,Eth
78,182,111,5,57,Eth
75,177,106,5,55,Eth
73,172,102,5,54,Eth
70,168,97,5,53,Eth
67,164,93,5,52,Eth
67,163,89,5,51,Eth
67,170,85,5,50,Eth
89,224,82,5,49,Eth
100,231,79,5,48,Eth
104,235,76,5,47,Eth
106,231,73,5,46,Eth
104,225,70,5,46,Eth
102,218,67,5,45,Eth
98,212,64,9,45,Eth
96,208,64,32,49,Eth
108,226,105,42,81,Eth
122,246,156,39,104,Eth
123,243,169,34,108,Eth
123,238,172,32,109,Eth
126,243,179,27,111,Eth
126,243,181,22,108,Eth
124,239,179,19,105,Eth
121,235,176,16,100,Eth
120,231,172,13,96,Eth
119,226,168,12,92,Eth
116,220,164,10,88,Eth
112,214,159,9,84,Eth
108,208,154,9,80,Eth
104,202,149,8,76,Eth
100,197,144,8,74,Eth
96,192,139,7,70,Eth
93,187,134,7,68,Eth
89,181,129,7,66,Eth
87,185,124,7,64,Eth
96,214,121,10,62,Eth
101,220,120,34,66,Eth
104,232,148,43,88,Eth
105,234,162,38,94,Eth
102,228,163,33,93,Eth
99,222,161,28,92,Eth
98,218,167,23,99,Eth
102,218,171,19,98,Eth
102,213,169,16,95,Eth
99,207,166,14,91,Eth
96,201,161,12,87,Eth
92,196,157,11,84,Eth
89,190,152,10,80,Eth
86,185,147,10,77,Eth
97,200,166,10,93,Eth
139,219,178,11,99,Eth
164,220,181,16,101,Eth
192,219,182,16,101,Eth
212,216,179,14,97,Eth
215,210,175,12,94,Eth
214,205,170,13,90,Eth
211,203,165,14,87,Eth
210,214,162,13,83,Eth
208,214,158,12,80,Eth
205,209,153,10,77,Eth
199,203,148,10,74,Eth
193,197,143,12,71,Eth
187,200,144,11,69,Eth
181,200,147,10,68,Eth
175,195,144,14,66,Eth
168,190,140,19,64,Eth
161,185,135,27,62,Eth
155,180,131,75,65,Eth
152,184,147,78,114,Eth
148,182,155,65,127,Eth
143,185,158,52,128,Eth
138,186,159,41,125,Eth
133,183,156,34,121,Eth
128,180,153,28,116,Eth
123,176,149,23,112,Eth
119,172,145,20,107,Eth
114,168,140,17,102,Eth
109,165,136,16,98,Eth
107,176,132,14,94,Eth
104,174,127,13,89,Eth
100,170,123,12,86,Eth
96,166,118,11,82,Eth
92,161,113,10,79,Eth
89,156,109,10,76,Eth
96,206,107,10,73,Eth
115,236,107,9,71,Eth
117,235,105,9,68,Eth
127,262,108,10,67,Eth
136,278,110,9,65,Eth
139,275,108,9,64,Eth
137,268,105,8,62,Eth
134,260,101,8,60,Eth
130,253,97,8,59,Eth
126,246,94,8,57,Eth
122,240,93,18,60,Eth
120,244,122,22,82,Eth
121,257,207,22,102,Eth
122,260,243,19,108,Eth
119,255,249,17,107,Eth
115,248,249,18,104,Eth
112,242,247,23,101,Eth
109,239,246,21,98,Eth
105,233,242,28,95,Eth
110,238,241,42,95,Eth
124,273,255,44,107,Eth
132,280,263,42,121,Eth
141,290,277,45,149,Eth
142,288,286,41,164,Eth
141,284,285,35,164,Eth
140,280,283,29,159,Eth
138,275,279,24,153,Eth
135,269,275,20,146,Eth
133,266,273,18,140,Eth
133,267,278,31,143,Eth
135,271,285,34,153,Eth
135,269,285,30,151,Eth
132,263,281,25,145,Eth
128,256,276,21,138,Eth
124,250,271,19,132,Eth
123,248,266,17,126,Eth
120,243,261,15,120,Eth
116,237,255,13,115,Eth
111,230,249,13,109,Eth
107,224,242,15,105,Eth
103,219,236,46,103,Eth
101,221,232,58,122,Eth
101,221,228,53,129,Eth
99,217,223,43,127,Eth
96,211,217,35,122,Eth
93,206,210,29,117,Eth
89,201,204,24,112,Eth
86,196,197,21,107,Eth
83,191,191,18,103,Eth
79,186,184,16,98,Eth
76,182,178,14,94,Eth
73,177,171,13,90,Eth
70,173,165,12,87,Eth
67,169,158,11,83,Eth
65,164,152,11,80,Eth
62,160,145,10,77,Eth
60,157,139,10,75,Eth
57,153,133,9,72,Eth
55,149,127,9,70,Eth
55,149,122,20,72,Eth
55,149,176,56,148,Eth
55,190,243,61,196,Eth
55,196,259,53,203,Eth
54,193,261,49,200,Eth
54,194,260,41,195,Eth
55,193,257,34,187,Eth
55,195,257,43,181,Eth
71,249,268,44,182,Eth
79,253,269,37,179,Eth
86,251,267,33,172,Eth
94,263,270,34,174,Eth
100,270,274,30,173,Eth
100,266,273,31,169,Eth
100,264,273,29,163,Eth
101,264,277,25,158,Eth
102,262,276,21,151,Eth
103,256,272,27,146,Eth
103,272,278,38,156,Eth
103,273,279,37,155,Eth
103,269,276,35,151,Eth
105,265,275,38,146,Eth
110,260,272,35,140,Eth
110,263,269,32,134,Eth
109,260,264,28,128,Eth
109,271,278,47,158,Eth
120,305,306,51,184,Eth
123,305,310,53,185,Eth
122,300,310,52,183,Eth
120,295,309,46,178,Eth
133,310,312,39,172,Eth
140,309,310,33,164,Eth
140,302,305,28,157,Eth
139,297,300,25,149,Eth
140,295,296,26,141,Eth
145,294,292,28,135,Eth
144,289,287,26,129,Eth
141,282,281,23,123,Eth
137,276,274,20,117,Eth
133,269,268,18,112,Eth
128,263,261,16,107,Eth
124,257,255,14,102,Eth
121,251,248,16,98,Eth
122,246,242,70,94,Eth
150,256,239,284,94,Eth
164,288,257,425,122,Eth
176,314,279,504,145,Eth
181,319,290,557,165,Eth
190,334,305,591,201,Eth
206,359,330,614,229,Eth
224,371,342,631,235,Eth
235,377,350,646,235,Eth
242,381,356,654,232,Eth
244,379,357,659,224,Eth
242,375,355,658,216,Eth
240,376,364,658,220,Eth
244,388,380,657,229,Eth
254,401,396,658,237,Eth
270,411,411,642,247,Eth
283,417,422,627,254,Eth
294,420,426,626,252,Eth
298,423,433,636,282,Eth
306,428,446,648,325,Eth
319,434,463,663,347,Eth
333,439,475,682,354,Eth
345,442,488,703,367,Eth
351,446,500,645,380,Eth
349,443,502,529,376,Eth
344,437,500,417,365,Eth
338,430,497,402,349,Eth
329,423,495,321,342,Eth
322,417,493,251,334,Eth
312,410,489,196,317,Eth
301,403,484,156,300,Eth
290,395,479,127,282,Eth
279,388,475,104,266,Eth
267,382,469,88,250,Eth
256,375,464,76,235,Eth
246,368,458,67,221,Eth
235,361,452,60,208,Eth
224,355,447,54,196,Eth
215,349,441,50,186,Eth
208,345,434,47,176,Eth
200,340,428,44,167,Eth
191,334,421,41,158,Eth
183,328,415,39,151,Eth
175,322,408,37,144,Eth
168,316,401,35,138,Eth
160,311,394,43,138,Eth
163,307,387,47,146,Eth
178,314,384,45,148,Eth
178,311,378,40,144,Eth
173,306,371,37,139,Eth
171,308,364,34,137,Eth
173,311,359,32,143,Eth
169,306,352,30,140,Eth
166,302,344,29,135,Eth
164,296,337,27,130,Eth
159,290,329,27,125,Eth
153,285,321,25,119,Eth
147,279,314,25,115,Eth
141,274,306,24,110,Eth
135,269,298,23,106,Eth
130,263,290,23,102,Eth
124,258,282,22,98,Eth
119,253,274,22,95,Eth
113,248,266,21,92,Eth
108,243,257,21,89,Eth
103,238,249,21,87,Eth
99,234,240,20,84,Eth
96,229,232,20,82,Eth
93,224,224,20,80,Eth
90,220,215,19,78,Eth
86,216,208,19,76,Eth
82,212,199,19,74,Eth
79,208,191,18,72,Eth
76,204,184,18,71,Eth
72,200,176,18,69,Eth
69,196,168,18,68,Eth
67,192,161,18,67,Eth
64,189,153,18,65,Eth
62,185,146,17,64,Eth
59,182,140,17,63,Eth
60,206,157,17,63,Eth
65,216,166,17,63,Eth
64,212,165,16,62,Eth
63,207,161,16,61,Eth
61,202,157,16,60,Eth
59,197,152,16,59,Eth
57,193,146,16,58,Eth
57,189,141,16,57,Eth
57,185,136,16,56,Eth
55,180,131,15,55,Eth
54,176,126,15,55,Eth
52,173,121,15,54,Eth
55,179,116,15,53,Eth
56,177,112,15,52,Eth
55,176,107,15,51,Eth
55,174,104,15,51,Eth
53,170,100,15,50,Eth
53,180,97,16,50,Eth
55,193,98,16,52,Eth
55,194,103,15,55,Eth
55,193,109,15,56,Eth
54,189,109,14,56,Eth
52,184,107,14,55,Eth
51,179,104,14,54,Eth
53,177,101,14,54,Eth
62,175,98,13,52,Eth
67,171,95,13,51,Eth
69,167,92,13,51,Eth
72,164,89,13,50,Eth
73,161,85,13,49,Eth
71,158,82,13,48,Eth
69,153,79,13,47,Eth
67,149,75,13,47,Eth
65,146,72,13,46,Eth
63,142,69,13,45,Eth
62,144,66,13,44,Eth
65,156,63,12,44,Eth
64,155,60,12,43,Eth
62,152,57,12,43,Eth
60,147,54,12,42,Eth
58,143,52,12,42,Eth
56,139,49,12,41,Eth
55,140,48,12,41,Eth
63,147,47,12,40,Eth
65,145,46,12,40,Eth
64,144,44,12,40,Eth
63,141,43,12,40,Eth
62,137,41,13,39,Eth
62,156,42,14,39,Eth
71,183,49,14,40,Eth
82,204,60,13,41,Eth
85,205,67,13,42,Eth
84,201,70,12,43,Eth
83,195,70,12,43,Eth
80,190,68,12,42,Eth
78,185,67,12,42,Eth
75,179,65,11,41,Eth
72,176,63,11,40,Eth
70,174,60,11,40,Eth
67,170,58,11,39,Eth
65,165,56,11,39,Eth
62,160,54,11,38,Eth
60,165,80,27,65,Eth
58,188,152,29,104,Eth
56,187,172,26,113,Eth
54,182,176,22,113,Eth
53,184,180,21,111,Eth
55,198,193,19,109,Eth
56,199,197,18,106,Eth
58,208,203,22,124,Eth
64,217,209,21,134,Eth
66,214,208,19,131,Eth
66,208,205,17,127,Eth
65,202,201,15,122,Eth
63,196,197,14,116,Eth
61,190,192,13,110,Eth
59,185,188,13,105,Eth
56,179,182,12,100,Eth
54,174,177,12,95,Eth
52,169,172,12,91,Eth
50,165,167,13,87,Eth
49,165,162,14,83,Eth
50,166,159,13,81,Eth
49,163,154,12,79,Eth
47,159,149,12,76,Eth
46,154,144,11,73,Eth
46,150,138,11,70,Eth
48,149,133,14,69,Eth
50,153,147,20,90,Eth
50,156,163,19,106,Eth
49,153,167,17,108,Eth
48,149,165,16,105,Eth
46,145,161,14,102,Eth
45,141,157,13,98,Eth
43,137,152,12,94,Eth
41,133,148,12,90,Eth
40,129,143,11,86,Eth
39,126,138,11,82,Eth
37,122,133,10,79,Eth
37,119,128,10,76,Eth
37,116,123,10,73,Eth
41,129,118,10,70,Eth
46,139,113,10,67,Eth
47,139,109,10,65,Eth
46,136,104,10,63,Eth
45,132,99,10,61,Eth
44,128,95,10,60,Eth
43,124,90,9,58,Eth
42,120,86,9,56,Eth
40,117,82,9,55,Eth
39,113,78,9,54,Eth
39,114,75,9,52,Eth
39,114,71,9,51,Eth
39,112,68,9,50,Eth
39,109,64,9,49,Eth
62,219,79,11,48,Eth
98,294,116,13,53,Eth
113,303,148,12,80,Eth
118,300,168,11,94,Eth
120,294,176,11,97,Eth
119,287,178,10,96,Eth
121,282,178,10,94,Eth
121,276,176,11,91,Eth
121,271,179,14,92,Eth
131,287,214,18,111,Eth
136,291,235,25,122,Eth
155,329,273,27,139,Eth
171,341,303,24,145,Eth
172,335,308,21,144,Eth
171,328,308,18,139,Eth
168,320,306,16,134,Eth
164,313,303,15,129,Eth
164,308,299,14,123,Eth
162,304,296,13,117,Eth
158,297,291,13,112,Eth
152,291,286,12,107,Eth
147,284,281,11,102,Eth
142,277,276,10,97,Eth
137,271,270,10,93,Eth
131,265,264,10,89,Eth
126,259,258,11,86,Eth
121,253,252,13,83,Eth
117,248,250,23,99,Eth
113,252,258,27,150,Eth
109,249,259,24,160,Eth
105,245,256,21,158,Eth
102,250,257,18,152,Eth
99,247,254,16,147,Eth
96,241,249,14,140,Eth
93,235,243,13,133,Eth
89,229,237,12,127,Eth
85,223,231,11,120,Eth
82,218,225,11,114,Eth
78,212,218,10,108,Eth
75,207,211,10,103,Eth
72,203,205,10,98,Eth
70,199,198,9,94,Eth
67,195,192,9,90,Eth
65,195,187,9,86,Eth
63,191,181,9,83,Eth
61,187,174,9,80,Eth
59,182,168,9,77,Eth
56,178,162,8,74,Eth
55,174,155,8,72,Eth
64,175,149,9,69,Eth
69,174,143,9,68,Eth
68,170,137,9,66,Eth
66,166,131,9,64,Eth
64,162,125,9,62,Eth
62,159,119,9,61,Eth
66,164,115,9,59,Eth
73,174,115,9,58,Eth
74,173,114,9,57,Eth
72,169,110,8,56,Eth
70,164,106,8,55,Eth
67,160,101,8,54,Eth
65,156,97,8,53,Eth
62,151,93,8,52,Eth
60,147,89,8,51,Eth
58,144,84,8,50,Eth
55,140,81,8,49,Eth
53,136,77,8,48,Eth
52,133,73,8,47,Eth
49,130,70,10,47,Eth
48,130,68,10,47,Eth
47,128,66,10,48,Eth
46,125,64,9,48,Eth
44,122,61,9,48,Eth
42,118,59,8,47,Eth
41,115,56,8,47,Eth
39,112,53,14,46,Eth
39,115,82,19,75,Eth
39,121,114,20,94,Eth
43,131,126,22,98,Eth
47,141,134,20,102,Eth
50,144,137,18,101,Eth
50,141,136,15,98,Eth
48,137,134,13,95,Eth
47,133,131,12,90,Eth
46,130,127,11,86,Eth
45,127,124,10,82,Eth
43,124,120,9,79,Eth
42,120,116,9,76,Eth
41,117,112,9,72,Eth
39,113,108,9,69,Eth
38,110,104,8,67,Eth
37,106,100,8,64,Eth
35,103,96,8,62,Eth
34,100,92,8,60,Eth
33,97,88,8,58,Eth
32,96,85,9,56,Eth
31,97,82,8,55,Eth
30,99,81,8,56,Eth
40,158,126,9,94,Eth
57,198,172,11,119,Eth
62,205,196,11,129,Eth
64,204,204,11,130,Eth
64,200,204,10,127,Eth
63,195,202,9,122,Eth
63,192,200,9,117,Eth
62,190,197,9,112,Eth
69,191,195,9,109,Eth
73,188,192,8,104,Eth
72,183,188,9,100,Eth
70,178,183,9,96,Eth
68,173,178,9,91,Eth
66,168,174,9,87,Eth
64,165,172,27,93,Eth
62,177,188,34,127,Eth
60,179,196,31,136,Eth
58,175,195,25,134,Eth
56,171,192,22,129,Eth
53,167,187,28,124,Eth
63,217,219,29,122,Eth
72,241,248,25,123,Eth
73,237,253,21,119,Eth
71,231,251,18,114,Eth
69,225,248,16,108,Eth
68,223,244,15,103,Eth
68,223,244,20,105,Eth
70,240,257,22,126,Eth
75,246,265,21,139,Eth
78,246,267,19,141,Eth
77,240,265,16,138,Eth
75,234,261,14,132,Eth
72,227,256,13,127,Eth
70,221,251,12,121,Eth
67,214,246,11,115,Eth
67,213,241,10,110,Eth
72,212,236,10,105,Eth
72,207,230,9,100,Eth
70,202,224,9,96,Eth
68,197,218,9,92,Eth
66,191,212,8,88,Eth
63,186,206,8,85,Eth
61,181,199,8,81,Eth
58,176,193,8,78,Eth
56,172,186,8,75,Eth
54,167,180,8,73,Eth
52,163,174,8,71,Eth
49,159,167,8,68,Eth
48,155,161,8,66,Eth
46,151,155,7,64,Eth
44,147,148,8,63,Eth
42,143,142,8,61,Eth
41,140,136,8,60,Eth
39,140,132,12,61,Eth
38,151,133,16,65,Eth
38,162,131,17,66,Eth
38,166,128,15,65,Eth
37,163,124,13,64,Eth
36,159,119,12,62,Eth
35,155,115,11,61,Eth
34,150,110,10,59,Eth
33,146,105,9,57,Eth
32,142,101,9,56,Eth
31,138,96,8,55,Eth
30,135,92,8,54,Eth
30,134,89,8,53,Eth
32,135,86,8,52,Eth
32,134,84,8,51,Eth
32,131,81,7,50,Eth
32,127,78,8,49,Eth
31,124,74,7,48,Eth
30,120,71,7,48,Eth
29,116,67,7,47,Eth
28,113,65,7,46,Eth
28,110,62,7,46,Eth
27,107,59,7,45,Eth
27,104,56,7,45,Eth
26,101,54,7,44,Eth
26,101,52,7,44,Eth
26,101,51,7,44,Eth
26,99,50,7,43,Eth
26,96,48,7,43,Eth
25,93,46,7,43,Eth
24,90,45,7,42,Eth
24,89,43,7,42,Eth
24,86,42,7,41,Eth
24,84,40,7,41,Eth
23,81,39,7,41,Eth
23,79,37,7,40,Eth
22,76,36,7,40,Eth
22,73,34,7,39,Eth
21,71,33,7,38,Eth
21,68,31,7,38,Eth
20,66,30,7,38,Eth
20,64,29,7,37,Eth
19,62,28,6,37,Eth
19,59,27,6,36,Eth
19,58,25,6,36,Eth
21,59,25,7,36,Eth
22,59,24,7,36,Eth
22,58,25,7,37,Eth
22,57,24,7,37,Eth
22,56,24,7,37,Eth
21,54,24,8,37,Eth
21,57,27,9,40,Eth
22,66,33,9,45,Eth
23,74,40,9,49,Eth
23,83,48,16,54,Eth
32,157,112,18,79,Eth
38,171,140,16,86,Eth
39,170,147,14,86,Eth
39,167,148,13,84,Eth
38,163,147,11,81,Eth
38,159,145,10,78,Eth
38,154,143,9,75,Eth
37,150,140,9,72,Eth
35,145,137,8,69,Eth
34,141,133,8,66,Eth
33,137,129,7,63,Eth
44,135,126,7,61,Eth
52,133,122,7,59,Eth
53,129,118,7,57,Eth
53,125,113,7,55,Eth
51,122,109,7,53,Eth
50,120,106,7,51,Eth
54,126,103,6,50,Eth
58,136,100,6,49,Eth
59,136,97,6,47,Eth
58,132,93,6,46,Eth
56,129,89,6,45,Eth
55,125,85,6,44,Eth
53,122,82,6,44,Eth
51,118,78,6,43,Eth
50,114,75,10,42,Eth
48,115,74,11,47,Eth
50,130,84,10,57,Eth
49,131,87,9,60,Eth
48,128,87,9,60,Eth
47,125,85,8,59,Eth
46,121,82,7,57,Eth
47,118,79,7,55,Eth
46,114,76,7,53,Eth
44,110,73,7,51,Eth
43,107,71,6,50,Eth
41,103,67,6,48,Eth
40,100,65,6,47,Eth
38,97,62,6,46,Eth
37,94,59,6,44,Eth
35,91,56,6,43,Eth
34,88,54,6,42,Eth
33,85,51,6,41,Eth
32,82,49,6,40,Eth
31,80,47,6,40,Eth
30,77,45,6,39,Eth
29,75,43,6,38,Eth
28,72,41,6,38,Eth
27,70,39,6,37,Eth
26,67,37,6,37,Eth
25,65,35,6,36,Eth
25,63,34,6,36,Eth
24,61,32,6,35,Eth
23,59,31,6,35,Eth
23,57,30,6,35,Eth
22,55,28,6,34,Eth
22,53,27,6,34,Eth
21,51,26,6,34,Eth
21,49,25,6,33,Eth
20,48,24,6,33,Eth
20,46,23,6,33,Eth
20,46,22,17,33,Eth
21,88,57,24,71,Eth
26,131,105,23,96,Eth
28,138,121,19,100,Eth
29,137,125,16,100,Eth
29,134,126,14,97,Eth
29,132,125,12,93,Eth
29,130,122,11,90,Eth
29,126,120,10,86,Eth
28,123,117,9,82,Eth
31,137,115,8,79,Eth
37,145,114,8,76,Eth
39,147,113,8,75,Eth
39,146,112,11,74,Eth
39,162,123,13,80,Eth
40,170,146,12,92,Eth
42,169,154,11,94,Eth
41,166,154,10,93,Eth
41,162,152,10,90,Eth
40,157,149,9,87,Eth
38,153,146,10,84,Eth
37,149,142,13,81,Eth
36,145,139,13,78,Eth
35,142,136,11,76,Eth
35,139,132,11,74,Eth
33,135,128,10,72,Eth
32,131,124,9,69,Eth
32,129,120,8,66,Eth
35,129,116,8,64,Eth
35,126,112,8,62,Eth
34,124,111,8,62,Eth
33,122,109,8,62,Eth
33,119,107,7,60,Eth
31,115,103,7,59,Eth
31,112,100,7,57,Eth
30,114,97,7,57,Eth
32,161,98,7,57,Eth
46,207,103,7,58,Eth
53,210,104,7,57,Eth
54,206,103,6,56,Eth
54,201,100,6,54,Eth
53,196,97,6,53,Eth
51,190,94,6,51,Eth
50,184,90,6,50,Eth
48,179,87,6,49,Eth
47,174,83,6,48,Eth
45,169,80,6,46,Eth
43,164,76,6,46,Eth
42,159,73,6,45,Eth
40,154,70,6,44,Eth
38,150,66,6,43,Eth
37,146,63,6,42,Eth
36,142,60,6,41,Eth
35,139,58,6,41,Eth
35,136,55,5,40,Eth
35,132,53,5,39,Eth
34,131,52,9,45,Eth
39,145,69,13,85,Eth
46,177,106,20,112,Eth
51,193,141,22,129,Eth
53,197,162,21,140,Eth
54,207,181,19,145,Eth
56,213,193,16,143,Eth
57,211,195,13,138,Eth
56,205,194,11,133,Eth
54,199,191,10,126,Eth
53,194,187,9,120,Eth
51,188,184,8,115,Eth
49,183,179,8,110,Eth
48,178,175,7,104,Eth
46,173,170,7,99,Eth
44,168,166,7,95,Eth
42,163,161,7,91,Eth
41,159,156,7,87,Eth
40,155,151,7,83,Eth
44,154,147,10,85,Eth
49,157,146,10,88,Eth
50,155,143,9,87,Eth
49,151,139,8,84,Eth
48,147,134,8,81,Eth
46,143,129,7,78,Eth
45,139,125,7,75,Eth
44,135,120,6,73,Eth
42,132,117,6,71,Eth
41,132,114,7,71,Eth
41,134,112,7,70,Eth
45,156,109,7,69,Eth
47,162,107,7,68,Eth
47,160,104,7,67,Eth
46,156,100,7,65,Eth
44,151,97,7,64,Eth
43,147,95,7,62,Eth
42,143,91,6,61,Eth
40,139,88,6,59,Eth
39,135,84,6,58,Eth
37,131,81,6,56,Eth
36,128,78,7,55,Eth
36,128,79,7,57,Eth
49,145,91,9,71,Eth
72,180,112,10,85,Eth
83,194,124,11,91,Eth
88,197,131,10,92,Eth
95,208,134,10,92,Eth
99,211,134,9,90,Eth
99,208,134,8,87,Eth
98,204,132,8,85,Eth
96,198,130,8,83,Eth
93,193,128,8,81,Eth
91,189,127,15,82,Eth
90,198,154,18,134,Eth
92,209,176,17,152,Eth
90,206,181,15,153,Eth
87,200,180,13,148,Eth
85,194,178,12,143,Eth
84,208,192,12,139,Eth
104,233,213,11,134,Eth
119,254,220,19,129,Eth
132,279,223,22,126,Eth
138,281,222,20,122,Eth
138,275,220,17,117,Eth
135,268,216,16,112,Eth
133,263,212,27,107,Eth
130,257,208,34,103,Eth
127,250,203,31,100,Eth
123,243,198,26,96,Eth
120,240,193,21,92,Eth
117,236,188,18,90,Eth
114,235,186,26,93,Eth
113,239,204,29,120,Eth
112,239,211,26,128,Eth
109,234,210,22,126,Eth
107,228,207,18,121,Eth
104,222,203,16,116,Eth
100,216,198,13,111,Eth
96,210,193,12,106,Eth
92,204,188,11,101,Eth
89,199,182,10,97,Eth
85,194,177,9,93,Eth
82,188,171,8,89,Eth
78,183,166,8,85,Eth
75,179,160,8,81,Eth
71,174,155,7,78,Eth
68,170,149,7,75,Eth
66,168,143,7,72,Eth
64,165,138,7,70,Eth
62,161,132,7,67,Eth
60,157,127,7,65,Eth
58,153,122,7,63,Eth
55,149,116,6,62,Eth
53,146,111,7,60,Eth
52,144,106,7,58,Eth
51,141,102,6,57,Eth
49,137,97,6,56,Eth
48,134,92,6,55,Eth
46,131,88,6,53,Eth
44,127,84,6,52,Eth
43,124,80,6,51,Eth
41,121,76,6,51,Eth
40,118,72,6,50,Eth
38,115,68,6,49,Eth
37,112,65,6,48,Eth
36,109,62,6,47,Eth
35,106,59,6,47,Eth
33,103,56,6,46,Eth
33,100,53,6,45,Eth
32,98,50,6,45,Eth
31,95,48,6,44,Eth
30,93,45,6,44,Eth
29,90,43,6,43,Eth
30,91,42,6,43,Eth
31,93,40,6,42,Eth
31,91,38,6,42,Eth
31,89,36,6,41,Eth
30,86,35,6,41,Eth
30,84,33,6,40,Eth
29,81,32,6,40,Eth
28,78,30,10,40,Eth
27,76,29,10,39,Eth
27,73,28,9,39,Eth
26,71,27,8,38,Eth
25,68,26,14,38,Eth
25,71,33,22,56,Eth
27,80,57,24,79,Eth
30,113,84,32,98,Eth
41,173,132,31,112,Eth
58,196,153,26,115,Eth
66,200,161,24,116,Eth
68,201,168,23,117,Eth
70,204,182,21,118,Eth
77,222,206,18,121,Eth
82,225,214,15,119,Eth
82,221,214,13,115,Eth
81,215,212,12,110,Eth
79,209,209,10,105,Eth
77,203,205,9,100,Eth
74,198,202,9,96,Eth
71,192,197,8,92,Eth
69,187,192,8,88,Eth
66,181,188,8,84,Eth
64,180,183,7,80,Eth
63,178,178,7,77,Eth
61,174,173,7,74,Eth
59,169,168,7,71,Eth
57,164,162,7,69,Eth
55,160,157,7,66,Eth
53,156,152,7,64,Eth
51,152,146,7,63,Eth
49,148,141,9,61,Eth
48,146,137,10,61,Eth
46,144,132,9,60,Eth
44,140,127,9,58,Eth
43,136,122,8,57,Eth
41,134,117,8,57,Eth
41,142,118,13,59,Eth
45,164,130,13,70,Eth
46,167,136,15,76,Eth
48,168,139,14,79,Eth
49,172,142,13,80,Eth
52,200,145,11,79,Eth
60,215,144,10,76,Eth
61,211,141,9,74,Eth
61,207,138,9,71,Eth
60,203,135,8,69,Eth
59,197,132,8,67,Eth
57,192,128,7,64,Eth
55,186,123,7,62,Eth
53,181,119,7,60,Eth
51,175,114,6,58,Eth
49,170,110,6,56,Eth
47,166,106,6,55,Eth
46,161,101,13,54,Eth
44,160,114,15,84,Eth
43,161,127,14,98,Eth
42,157,130,12,99,Eth
41,153,128,11,97,Eth
40,149,125,10,94,Eth
38,144,122,9,90,Eth
37,140,118,8,86,Eth
35,137,115,7,82,Eth
34,133,110,7,79,Eth
33,129,107,7,76,Eth
32,126,103,6,73,Eth
31,123,99,6,70,Eth
33,120,95,6,67,Eth
33,117,91,6,64,Eth
32,114,88,12,65,Eth
32,115,111,18,109,Eth
34,148,168,26,140,Eth
47,208,207,27,151,Eth
63,231,224,23,153,Eth
68,231,227,19,149,Eth
69,226,226,16,144,Eth
68,220,223,14,138,Eth
67,214,220,12,131,Eth
65,208,217,11,125,Eth
63,202,212,10,119,Eth
61,196,208,9,113,Eth
58,190,203,8,107,Eth
56,185,198,8,102,Eth
54,179,192,7,97,Eth
52,174,187,7,93,Eth
50,170,182,7,89,Eth
48,165,177,7,86,Eth
47,161,173,7,83,Eth
46,158,167,6,81,Eth
45,157,163,6,78,Eth
49,161,161,6,76,Eth
50,160,157,10,73,Eth
49,167,171,15,103,Eth
50,181,194,14,128,Eth
49,179,199,13,131,Eth
47,174,197,11,128,Eth
46,169,194,10,123,Eth
44,164,190,9,118,Eth
43,160,185,8,113,Eth
41,155,180,7,108,Eth
39,150,175,7,103,Eth
38,146,170,7,98,Eth
37,142,165,7,93,Eth
35,138,160,8,90,Eth
34,134,154,8,86,Eth
33,130,149,7,82,Eth
32,127,143,7,79,Eth
31,123,138,6,76,Eth
30,120,133,6,73,Eth
29,116,128,6,71,Eth
28,113,122,6,68,Eth
27,111,118,6,66,Eth
27,110,115,6,65,Eth
26,108,111,6,63,Eth
26,105,106,6,62,Eth
25,102,102,6,60,Eth
24,99,97,6,58,Eth
24,96,93,6,57,Eth
23,93,89,6,56,Eth
23,90,85,7,54,Eth
22,87,81,6,53,Eth
21,85,77,6,52,Eth
21,82,73,6,51,Eth
21,86,72,6,51,Eth
22,112,101,6,58,Eth
24,136,125,5,63,Eth
26,140,132,6,63,Eth
27,138,132,8,62,Eth
28,136,131,7,61,Eth
28,133,128,7,59,Eth
28,129,125,8,57,Eth
27,125,122,15,56,Eth
26,121,118,16,57,Eth
26,117,115,14,58,Eth
25,114,111,12,57,Eth
24,110,107,10,56,Eth
24,107,103,9,54,Eth
23,103,99,8,53,Eth
22,100,96,8,51,Eth
22,97,92,7,50,Eth
21,94,88,6,49,Eth
21,91,84,6,48,Eth
20,88,81,6,47,Eth
20,85,77,6,46,Eth
19,82,74,6,45,Eth
19,79,70,6,44,Eth
19,77,67,5,43,Eth
18,74,64,5,42,Eth
18,71,61,5,42,Eth
18,69,58,5,41,Eth
17,67,55,6,40,Eth
18,73,53,19,47,Eth
24,95,80,35,110,Eth
32,165,158,37,163,Eth
45,210,211,32,194,Eth
50,214,225,26,200,Eth
52,211,227,23,197,Eth
51,206,228,26,193,Eth
52,205,230,31,191,Eth
55,205,233,28,190,Eth
56,201,231,24,184,Eth
54,196,228,19,176,Eth
53,190,224,16,168,Eth
51,184,220,14,159,Eth
50,179,215,12,150,Eth
48,174,210,11,143,Eth
47,172,205,10,135,Eth
47,176,200,13,129,Eth
48,174,195,20,123,Eth
50,170,196,21,136,Eth
56,173,209,19,148,Eth
60,178,212,16,148,Eth
60,176,210,14,143,Eth
60,173,206,12,137,Eth
59,168,201,11,130,Eth
57,164,196,10,124,Eth
55,159,190,9,118,Eth
54,154,185,8,112,Eth
52,150,179,8,107,Eth
49,145,174,7,102,Eth
48,141,168,7,98,Eth
46,138,163,7,94,Eth
44,134,157,7,90,Eth
43,130,151,7,87,Eth
41,126,145,6,84,Eth
39,123,140,6,81,Eth
38,120,134,6,78,Eth
37,117,129,6,76,Eth
36,115,124,6,73,Eth
36,126,119,8,71,Eth
37,136,117,8,71,Eth
40,156,118,8,70,Eth
41,160,118,8,68,Eth
41,157,116,7,67,Eth
40,153,112,7,66,Eth
38,148,108,8,64,Eth
37,144,104,8,63,Eth
37,140,100,7,62,Eth
37,137,96,7,61,Eth
36,133,92,7,60,Eth
35,129,88,7,58,Eth
34,125,84,8,59,Eth
34,121,81,7,58,Eth
33,118,77,7,58,Eth
31,114,74,6,57,Eth
31,111,70,6,56,Eth
30,108,67,6,55,Eth
29,104,65,12,53,Eth
29,129,91,18,59,Eth
35,183,143,34,104,Eth
42,207,187,33,126,Eth
45,206,199,27,129,Eth
45,202,200,22,126,Eth
44,196,199,18,122,Eth
43,191,197,15,116,Eth
42,186,194,13,111,Eth
41,180,190,11,106,Eth
39,175,186,10,101,Eth
38,170,182,9,96,Eth
37,165,177,9,92,Eth
36,160,172,8,88,Eth
34,156,167,7,84,Eth
33,151,163,7,81,Eth
32,147,158,7,77,Eth
31,143,152,7,74,Eth
30,138,147,7,71,Eth
29,134,142,7,69,Eth
28,131,136,7,67,Eth
27,127,131,7,64,Eth
27,124,127,11,64,Eth
26,122,123,11,67,Eth
26,120,119,10,68,Eth
25,116,115,9,67,Eth
24,113,110,8,65,Eth
24,110,106,7,63,Eth
23,106,101,7,61,Eth
22,103,97,7,60,Eth
22,100,92,6,58,Eth
21,97,88,6,56,Eth
21,95,84,8,55,Eth
21,99,92,18,60,Eth
29,149,149,25,110,Eth
44,181,190,23,140,Eth
52,192,208,20,148,Eth
54,191,212,16,145,Eth
54,186,211,14,141,Eth
53,181,209,12,135,Eth
52,176,205,11,129,Eth
51,171,201,9,122,Eth
49,166,197,8,116,Eth
48,161,193,8,111,Eth
46,157,188,7,106,Eth
44,152,183,7,100,Eth
43,148,178,7,96,Eth
41,143,173,8,91,Eth
40,139,168,9,88,Eth
38,135,162,9,84,Eth
37,131,157,8,81,Eth
37,131,153,8,78,Eth
40,136,150,8,76,Eth
41,135,146,7,73,Eth
41,131,141,7,71,Eth
39,127,136,6,69,Eth
38,123,131,6,67,Eth
37,120,125,6,65,Eth
36,117,121,6,63,Eth
35,115,117,10,66,Eth
34,119,119,10,78,Eth
33,118,117,9,81,Eth
31,114,114,8,79,Eth
30,111,110,7,77,Eth
31,141,108,8,74,Eth
42,196,109,10,72,Eth
53,220,114,13,74,Eth
58,228,118,13,79,Eth
63,231,120,16,80,Eth
66,231,128,15,82,Eth
66,226,129,13,82,Eth
65,220,128,11,79,Eth
63,214,125,10,76,Eth
61,208,121,9,73,Eth
59,202,117,8,70,Eth
57,196,113,8,68,Eth
55,194,112,8,66,Eth
62,221,128,8,69,Eth
66,224,135,8,69,Eth
67,219,135,7,68,Eth
65,213,133,7,66,Eth
63,207,130,7,64,Eth
62,203,127,7,62,Eth
60,198,124,6,60,Eth
58,193,121,10,59,Eth
57,194,132,26,85,Eth
61,205,155,34,116,Eth
64,209,170,42,131,Eth
67,214,180,61,143,Eth
77,252,203,70,152,Eth
92,264,217,59,155,Eth
95,262,220,46,152,Eth
98,260,219,36,147,Eth
100,257,216,28,140,Eth
100,252,213,23,134,Eth
98,246,210,19,128,Eth
96,239,205,16,121,Eth
93,232,200,14,115,Eth
90,226,196,14,110,Eth
87,220,191,13,105,Eth
84,214,186,12,100,Eth
82,209,181,11,96,Eth
79,203,176,10,92,Eth
77,199,170,10,89,Eth
74,194,165,9,85,Eth
71,189,160,9,82,Eth
21,70,49,8,69,Breath
21,68,47,9,66,Breath
21,68,45,12,71,Breath
21,68,44,16,83,Breath
21,67,43,18,96,Breath
21,67,42,19,107,Breath
21,65,41,19,114,Breath
22,64,40,15,112,Breath
22,63,38,12,103,Breath
22,61,37,11,96,Breath
22,61,36,12,90,Breath
22,61,37,14,96,Breath
22,61,36,16,104,Breath
22,61,36,16,110,Breath
23,60,36,14,112,Breath
23,59,35,12,105,Breath
23,57,33,10,96,Breath
22,56,32,9,89,Breath
22,54,31,9,82,Breath
21,53,31,14,87,Breath
22,52,30,19,103,Breath
22,52,30,22,114,Breath
23,52,29,18,114,Breath
23,51,28,14,107,Breath
22,49,27,13,98,Breath
21,48,26,18,95,Breath
21,48,26,19,96,Breath
21,47,26,24,100,Breath
21,46,26,25,111,Breath
22,46,26,23,124,Breath
23,45,26,20,128,Breath
23,44,26,17,121,Breath
23,43,25,14,111,Breath
22,42,25,13,102,Breath
22,41,25,13,105,Breath
21,40,26,15,114,Breath
21,40,28,15,122,Breath
21,39,30,15,128,Breath
21,39,30,13,124,Breath
20,38,30,12,113,Breath
20,37,29,11,103,Breath
19,36,28,10,95,Breath
19,35,26,10,88,Breath
19,35,27,15,91,Breath
19,35,28,17,103,Breath
18,35,29,19,116,Breath
19,35,30,20,126,Breath
19,36,31,17,129,Breath
20,37,31,15,122,Breath
20,38,30,14,112,Breath
20,39,29,13,102,Breath
20,41,29,17,101,Breath
20,43,30,19,115,Breath
21,45,30,19,132,Breath
22,47,31,18,144,Breath
23,48,31,15,145,Breath
24,48,31,13,134,Breath
23,48,31,12,122,Breath
23,49,31,13,112,Breath
23,49,31,19,116,Breath
23,50,31,23,127,Breath
23,49,31,26,136,Breath
23,49,31,27,143,Breath
23,48,31,30,148,Breath
23,48,31,24,145,Breath
23,47,30,20,134,Breath
23,47,30,17,121,Breath
23,47,29,16,110,Breath
22,46,28,25,110,Breath
22,45,27,31,119,Breath
22,44,26,32,129,Breath
22,43,26,32,136,Breath
21,42,25,27,135,Breath
22,42,25,22,129,Breath
21,41,24,19,120,Breath
21,41,23,17,110,Breath
20,40,23,16,101,Breath
20,39,22,18,94,Breath
20,38,22,22,101,Breath
20,38,21,22,110,Breath
20,37,21,22,117,Breath
20,37,21,22,125,Breath
20,36,21,21,130,Breath
21,36,21,17,124,Breath
21,36,20,16,113,Breath
21,35,20,15,105,Breath
21,35,21,18,110,Breath
20,35,22,18,120,Breath
20,35,23,17,129,Breath
20,34,24,15,130,Breath
20,34,23,14,121,Breath
20,33,23,13,110,Breath
19,33,22,12,100,Breath
19,32,22,13,94,Breath
19,33,22,20,101,Breath
19,34,22,26,115,Breath
20,36,22,29,126,Breath
21,37,22,26,129,Breath
21,38,22,21,122,Breath
20,38,22,18,112,Breath
20,38,22,20,106,Breath
20,38,21,24,102,Breath
20,38,21,25,101,Breath
20,38,21,21,100,Breath
20,38,20,18,96,Breath
20,37,20,16,90,Breath
19,36,19,14,83,Breath
19,35,19,13,78,Breath
18,35,18,14,73,Breath
18,38,19,18,71,Breath
19,44,21,20,70,Breath
19,49,23,20,71,Breath
19,51,25,19,71,Breath
18,51,25,17,70,Breath
18,51,25,15,68,Breath
18,51,26,14,66,Breath
18,50,26,13,63,Breath
18,50,25,15,62,Breath
18,48,25,16,61,Breath
17,47,24,18,60,Breath
17,46,24,18,60,Breath
17,45,24,18,60,Breath
17,45,24,16,63,Breath
18,45,24,14,62,Breath
18,45,24,13,61,Breath
17,44,24,12,58,Breath
17,43,24,13,61,Breath
17,42,25,14,74,Breath
17,41,26,13,85,Breath
17,40,26,12,91,Breath
17,40,26,11,89,Breath
17,39,25,11,84,Breath
17,38,24,10,79,Breath
17,37,23,10,74,Breath
17,36,23,10,70,Breath
16,36,22,10,66,Breath
16,35,21,10,63,Breath
16,34,20,13,63,Breath
16,34,20,19,75,Breath
16,34,20,22,87,Breath
16,34,20,21,93,Breath
16,35,20,17,94,Breath
16,35,20,15,89,Breath
16,35,19,13,83,Breath
16,34,19,12,78,Breath
16,34,19,13,76,Breath
16,33,19,17,88,Breath
16,33,19,19,101,Breath
16,32,19,20,106,Breath
16,32,18,20,105,Breath
16,31,18,16,98,Breath
16,30,17,15,91,Breath
16,30,17,14,85,Breath
15,29,17,20,86,Breath
15,29,17,25,92,Breath
15,29,17,29,97,Breath
15,29,16,32,100,Breath
15,28,16,27,99,Breath
15,28,16,21,94,Breath
15,28,16,18,87,Breath
15,28,15,16,81,Breath
15,27,15,15,76,Breath
15,27,15,15,72,Breath
15,27,16,16,72,Breath
15,31,18,23,80,Breath
15,34,20,27,91,Breath
15,35,21,27,99,Breath
16,37,22,22,99,Breath
16,38,23,19,96,Breath
16,40,24,18,91,Breath
16,42,25,16,87,Breath
16,45,26,16,82,Breath
17,46,26,16,80,Breath
17,48,28,19,83,Breath
17,52,29,23,95,Breath
18,53,30,26,107,Breath
18,54,30,26,115,Breath
18,54,30,26,119,Breath
18,55,30,23,116,Breath
18,56,31,19,110,Breath
18,56,31,17,103,Breath
18,55,30,16,96,Breath
18,54,29,19,95,Breath
18,53,29,24,103,Breath
18,52,28,28,111,Breath
18,51,28,29,116,Breath
19,49,27,27,119,Breath
20,49,27,22,120,Breath
20,49,26,19,116,Breath
21,48,26,17,108,Breath
21,48,25,15,99,Breath
21,47,25,14,92,Breath
21,46,24,15,87,Breath
20,46,24,19,92,Breath
20,46,24,22,101,Breath
20,46,24,25,108,Breath
20,47,24,24,112,Breath
21,47,24,21,115,Breath
21,48,24,18,110,Breath
21,47,24,16,101,Breath
21,46,23,15,93,Breath
20,45,23,14,86,Breath
20,44,22,13,81,Breath
20,44,22,13,81,Breath
20,44,22,14,88,Breath
20,45,24,13,93,Breath
20,45,24,12,97,Breath
21,45,25,12,102,Breath
21,45,25,12,101,Breath
22,44,25,11,95,Breath
21,43,24,11,88,Breath
20,42,23,11,82,Breath
20,41,23,11,80,Breath
19,40,23,13,91,Breath
19,39,23,16,105,Breath
19,39,23,18,115,Breath
19,38,23,21,118,Breath
19,39,24,20,115,Breath
20,40,25,18,110,Breath
20,42,26,16,105,Breath
20,43,28,15,99,Breath
20,44,28,16,100,Breath
20,44,28,18,106,Breath
20,44,28,18,111,Breath
20,43,28,16,114,Breath
21,43,27,14,110,Breath
21,43,27,13,102,Breath
21,42,26,12,94,Breath
21,41,25,14,90,Breath
21,41,24,17,92,Breath
21,41,24,19,96,Breath
22,41,24,18,102,Breath
23,42,24,17,110,Breath
23,42,24,16,113,Breath
24,43,24,14,107,Breath
24,43,23,13,98,Breath
23,43,23,12,91,Breath
23,43,22,12,90,Breath
23,43,22,11,93,Breath
24,44,23,11,96,Breath
24,44,23,11,95,Breath
25,43,23,10,90,Breath
24,43,22,10,85,Breath
24,42,21,10,80,Breath
23,41,21,9,75,Breath
22,40,20,9,71,Breath
22,38,19,10,68,Breath
21,37,19,11,70,Breath
21,36,18,12,77,Breath
21,35,18,11,84,Breath
20,35,18,11,91,Breath
20,34,18,10,92,Breath
20,33,17,9,87,Breath
19,32,17,9,81,Breath
19,31,16,9,76,Breath
18,31,16,11,76,Breath
18,32,17,13,85,Breath
18,33,19,13,91,Breath
19,35,20,11,90,Breath
19,35,20,11,85,Breath
19,35,20,10,80,Breath
18,35,20,10,75,Breath
18,35,19,10,76,Breath
19,35,19,12,81,Breath
19,34,19,11,81,Breath
18,34,19,13,80,Breath
18,34,18,14,81,Breath
18,34,18,15,80,Breath
18,33,18,15,79,Breath
18,32,17,15,78,Breath
18,32,17,15,77,Breath
18,33,17,16,79,Breath
18,33,17,14,80,Breath
18,33,17,12,77,Breath
17,32,17,11,73,Breath
17,32,17,10,69,Breath
17,32,16,12,66,Breath
16,31,16,15,66,Breath
16,30,16,17,68,Breath
16,30,16,17,70,Breath
16,29,15,15,69,Breath
16,29,15,13,66,Breath
16,28,15,11,63,Breath
15,29,15,11,60,Breath
16,31,16,11,58,Breath
16,34,18,11,59,Breath
17,39,20,12,63,Breath
18,42,22,13,65,Breath
19,47,25,13,65,Breath
20,53,28,13,66,Breath
20,57,32,12,67,Breath
21,62,35,12,66,Breath
21,65,37,11,65,Breath
22,67,39,11,64,Breath
21,68,40,10,63,Breath
22,69,41,11,63,Breath
22,69,41,12,69,Breath
22,68,40,13,70,Breath
22,66,39,13,70,Breath
22,64,37,13,69,Breath
21,62,36,12,67,Breath
21,60,35,11,64,Breath
21,58,34,10,61,Breath
20,56,33,9,58,Breath
20,54,31,9,56,Breath
19,52,31,9,54,Breath
19,51,30,9,59,Breath
19,50,29,10,61,Breath
19,49,28,12,60,Breath
19,48,27,13,60,Breath
19,46,26,13,59,Breath
18,45,25,12,57,Breath
18,44,24,11,55,Breath
18,42,23,10,53,Breath
17,42,23,10,51,Breath
17,43,23,9,50,Breath
17,43,23,11,55,Breath
17,45,24,11,57,Breath
17,48,24,12,58,Breath
18,50,26,12,59,Breath
18,53,27,11,59,Breath
19,54,28,10,58,Breath
19,54,28,10,57,Breath
19,54,28,10,57,Breath
19,55,28,12,63,Breath
20,55,28,14,73,Breath
21,56,28,16,81,Breath
23,56,27,18,88,Breath
24,56,27,18,92,Breath
24,55,26,14,88,Breath
24,54,26,13,83,Breath
23,54,26,12,78,Breath
22,54,26,15,77,Breath
22,52,25,20,83,Breath
22,51,25,23,91,Breath
21,51,25,26,97,Breath
21,51,25,27,100,Breath
21,52,26,28,105,Breath
22,55,26,27,108,Breath
22,57,27,21,104,Breath
22,57,27,17,97,Breath
22,56,27,14,90,Breath
22,55,26,13,84,Breath
21,53,25,18,79,Breath
21,52,25,21,78,Breath
20,50,24,24,78,Breath
20,49,23,21,78,Breath
20,48,23,17,76,Breath
20,46,22,15,72,Breath
19,45,21,13,68,Breath
19,43,21,12,65,Breath
19,42,20,16,62,Breath
18,41,20,20,61,Breath
18,40,19,21,60,Breath
18,39,19,20,60,Breath
18,38,18,17,59,Breath
18,37,18,15,57,Breath
18,36,18,13,54,Breath
17,37,17,12,52,Breath
17,37,17,12,50,Breath
17,37,17,13,51,Breath
17,38,17,16,55,Breath
18,37,17,18,57,Breath
18,37,16,20,61,Breath
18,37,16,22,65,Breath
19,37,17,20,68,Breath
20,37,17,16,68,Breath
19,37,16,14,65,Breath
19,36,16,14,62,Breath
19,35,16,17,61,Breath
18,35,16,24,62,Breath
18,34,15,29,62,Breath
18,33,15,24,63,Breath
17,32,15,19,63,Breath
17,32,14,16,61,Breath
17,31,14,14,60,Breath
16,31,14,13,58,Breath
16,30,14,13,55,Breath
16,30,14,14,55,Breath
16,29,14,18,59,Breath
16,29,14,21,65,Breath
16,29,14,24,69,Breath
15,28,14,26,74,Breath
15,28,14,23,81,Breath
15,28,14,20,86,Breath
15,27,14,16,83,Breath
15,27,14,15,79,Breath
15,26,14,14,74,Breath
15,26,13,13,69,Breath
14,25,13,12,65,Breath
14,25,13,16,64,Breath
14,25,13,22,76,Breath
14,25,13,23,88,Breath
14,25,13,21,96,Breath
14,25,13,18,99,Breath
15,25,13,16,98,Breath
15,26,13,15,93,Breath
15,26,14,14,88,Breath
15,26,13,13,82,Breath
15,25,13,15,78,Breath
15,25,13,19,82,Breath
15,25,13,22,88,Breath
15,25,13,23,94,Breath
15,25,13,23,101,Breath
15,25,13,22,106,Breath
16,25,13,19,108,Breath
16,25,13,17,101,Breath
16,25,13,15,93,Breath
16,25,13,13,86,Breath
16,24,12,13,80,Breath
15,24,12,13,79,Breath
16,24,12,15,84,Breath
16,25,13,16,90,Breath
16,25,13,14,89,Breath
17,25,13,14,85,Breath
17,25,13,14,82,Breath
17,25,13,15,80,Breath
17,25,13,14,77,Breath
17,25,13,13,73,Breath
16,25,13,12,69,Breath
17,25,13,12,66,Breath
16,26,13,12,63,Breath
16,26,14,11,61,Breath
16,28,14,12,60,Breath
16,29,15,16,69,Breath
16,30,16,18,81,Breath
17,32,17,18,86,Breath
18,33,18,16,85,Breath
18,35,18,15,82,Breath
18,36,19,14,78,Breath
18,37,19,13,76,Breath
18,39,20,13,75,Breath
19,40,20,12,72,Breath
18,40,20,12,69,Breath
18,40,20,14,69,Breath
18,40,20,12,67,Breath
18,39,20,11,64,Breath
17,39,19,11,61,Breath
17,39,19,11,59,Breath
17,40,20,12,57,Breath
17,40,20,11,56,Breath
16,40,20,10,54,Breath
16,40,20,11,55,Breath
17,40,20,13,63,Breath
17,41,21,14,72,Breath
18,41,21,14,79,Breath
19,41,21,12,80,Breath
19,41,21,11,76,Breath
19,40,21,11,72,Breath
19,39,20,11,68,Breath
18,38,19,13,68,Breath
18,37,19,16,70,Breath
17,36,18,17,72,Breath
17,35,18,17,73,Breath
17,34,18,14,72,Breath
16,33,17,13,69,Breath
16,32,16,11,66,Breath
16,32,16,11,62,Breath
16,31,16,10,59,Breath
16,30,16,13,63,Breath
16,30,16,13,74,Breath
15,30,16,12,85,Breath
16,30,16,11,95,Breath
16,30,17,10,96,Breath
17,30,17,10,92,Breath
17,29,16,9,85,Breath
17,29,16,9,80,Breath
16,28,16,9,74,Breath
16,28,15,9,70,Breath
16,27,15,10,66,Breath
16,27,15,13,74,Breath
16,27,15,16,86,Breath
16,26,15,18,91,Breath
16,26,15,17,90,Breath
16,26,15,15,86,Breath
16,27,15,13,81,Breath
16,27,16,12,76,Breath
16,28,16,12,72,Breath
16,30,16,11,69,Breath
16,31,16,11,65,Breath
16,31,16,10,63,Breath
16,31,17,10,60,Breath
16,32,16,10,58,Breath
16,35,18,11,57,Breath
17,47,23,15,62,Breath
18,58,30,17,72,Breath
19,64,34,17,81,Breath
21,69,37,16,86,Breath
22,71,38,14,87,Breath
23,72,39,12,84,Breath
23,71,39,11,80,Breath
22,70,38,10,75,Breath
22,69,38,10,72,Breath
22,69,38,10,69,Breath
21,68,38,11,66,Breath
21,66,38,13,63,Breath
21,65,37,14,61,Breath
21,64,37,14,59,Breath
20,64,38,14,60,Breath
20,66,40,13,60,Breath
20,67,41,12,60,Breath
20,66,41,11,59,Breath
20,65,41,11,58,Breath
19,63,40,10,57,Breath
19,61,38,10,55,Breath
19,59,37,9,53,Breath
18,57,36,9,52,Breath
18,55,35,11,50,Breath
18,53,33,12,49,Breath
17,51,32,11,47,Breath
17,49,31,10,46,Breath
17,48,30,9,45,Breath
16,47,29,9,44,Breath
16,45,28,10,44,Breath
16,44,27,10,45,Breath
16,42,26,9,45,Breath
15,41,25,8,44,Breath
15,40,24,8,43,Breath
15,39,23,8,42,Breath
15,38,22,9,42,Breath
15,37,21,13,49,Breath
15,36,21,19,60,Breath
16,36,20,22,70,Breath
16,35,20,19,77,Breath
16,35,19,15,76,Breath
17,34,18,14,72,Breath
16,33,18,13,71,Breath
16,33,17,11,68,Breath
16,32,17,10,64,Breath
16,31,17,10,61,Breath
15,30,16,15,61,Breath
15,30,16,25,64,Breath
15,29,15,25,67,Breath
16,29,15,22,69,Breath
16,29,15,17,67,Breath
16,29,15,14,64,Breath
15,28,14,13,61,Breath
15,27,14,11,58,Breath
15,27,14,11,55,Breath
15,27,15,18,56,Breath
15,28,16,25,63,Breath
16,29,16,27,71,Breath
16,29,17,23,74,Breath
16,29,16,19,72,Breath
16,29,16,20,71,Breath
16,29,17,18,72,Breath
16,29,16,16,70,Breath
16,29,16,14,67,Breath
16,29,16,14,65,Breath
16,29,16,14,62,Breath
16,29,16,13,59,Breath
16,29,16,12,57,Breath
16,30,16,13,55,Breath
16,30,16,14,53,Breath
16,30,16,15,51,Breath
15,30,16,13,50,Breath
15,30,16,12,49,Breath
15,31,16,11,47,Breath
15,33,16,11,46,Breath
15,35,17,11,45,Breath
15,35,16,11,46,Breath
15,35,16,11,46,Breath
15,35,16,11,45,Breath
15,35,16,11,45,Breath
15,34,16,10,44,Breath
15,34,16,10,44,Breath
15,34,16,10,43,Breath
15,36,16,10,43,Breath
18,38,17,10,44,Breath
20,40,18,10,45,Breath
21,42,18,10,48,Breath
22,43,18,10,49,Breath
23,43,18,9,50,Breath
23,42,18,9,50,Breath
23,42,18,9,49,Breath
22,41,18,8,48,Breath
22,40,17,9,47,Breath
21,39,18,9,47,Breath
20,38,17,8,46,Breath
20,38,17,8,44,Breath
19,37,16,9,44,Breath
20,38,18,11,49,Breath
21,39,19,10,51,Breath
21,39,19,9,51,Breath
20,39,19,9,50,Breath
20,38,19,8,49,Breath
20,38,19,8,47,Breath
19,37,18,8,46,Breath
19,36,18,8,45,Breath
18,35,18,8,44,Breath
18,34,17,8,43,Breath
18,34,17,8,42,Breath
17,33,17,8,41,Breath
17,32,16,8,40,Breath
16,31,16,8,40,Breath
16,30,15,7,39,Breath
16,30,15,7,38,Breath
16,29,15,8,38,Breath
15,28,14,8,38,Breath
15,28,14,7,37,Breath
15,27,14,7,37,Breath
15,26,13,7,36,Breath
15,26,13,7,36,Breath
15,25,13,7,35,Breath
15,25,13,7,35,Breath
14,24,12,7,36,Breath
14,24,12,7,36,Breath
14,24,12,7,36,Breath
14,23,12,7,35,Breath
14,23,12,7,36,Breath
14,23,11,7,36,Breath
13,22,11,7,35,Breath
13,22,11,7,35,Breath
13,22,11,7,34,Breath
13,22,11,6,34,Breath
13,22,10,7,34,Breath
13,21,10,6,33,Breath
13,21,10,6,33,Breath
13,21,10,8,34,Breath
13,21,11,13,41,Breath
13,22,11,17,50,Breath
13,22,11,18,59,Breath
14,23,12,14,63,Breath
14,23,12,12,63,Breath
15,24,12,12,63,Breath
15,24,12,16,67,Breath
16,25,13,14,70,Breath
16,26,13,13,70,Breath
16,26,13,12,68,Breath
16,27,13,11,65,Breath
16,27,13,10,62,Breath
16,26,13,12,63,Breath
16,26,13,12,64,Breath
16,27,13,13,65,Breath
16,28,13,12,66,Breath
16,29,14,11,64,Breath
16,30,14,10,62,Breath
16,30,14,10,59,Breath
16,30,14,9,57,Breath
16,30,15,9,55,Breath
16,30,14,9,53,Breath
16,30,14,8,52,Breath
16,30,14,8,50,Breath
15,29,14,8,49,Breath
15,30,15,8,48,Breath
15,32,16,9,47,Breath
15,33,16,10,48,Breath
15,34,17,11,49,Breath
15,34,17,10,50,Breath
15,35,18,10,53,Breath
16,35,18,10,55,Breath
16,35,18,11,58,Breath
16,35,18,12,61,Breath
17,37,19,11,63,Breath
18,39,20,10,62,Breath
18,39,20,9,60,Breath
18,39,20,9,58,Breath
17,39,20,9,56,Breath
17,39,20,8,54,Breath
17,39,20,9,53,Breath
17,38,20,9,54,Breath
18,39,19,9,57,Breath
19,39,20,10,59,Breath
19,40,20,10,63,Breath
20,40,20,12,66,Breath
20,41,21,12,69,Breath
21,41,21,11,70,Breath
21,41,21,10,69,Breath
20,40,20,9,65,Breath
20,39,20,9,62,Breath
19,38,19,8,59,Breath
19,37,19,8,56,Breath
18,36,18,8,53,Breath
18,36,18,8,51,Breath
18,34,17,8,49,Breath
17,33,17,7,48,Breath
17,33,17,8,47,Breath
17,32,17,7,47,Breath
16,32,17,7,46,Breath
16,33,17,8,45,Breath
17,36,19,8,46,Breath
16,38,21,7,46,Breath
16,39,22,9,47,Breath
16,40,22,9,48,Breath
16,41,22,8,48,Breath
17,43,23,8,47,Breath
17,45,24,8,47,Breath
17,47,24,7,46,Breath
17,48,24,7,45,Breath
17,48,25,7,44,Breath
17,48,25,7,43,Breath
17,48,25,7,42,Breath
16,48,24,7,42,Breath
16,47,24,8,43,Breath
16,46,24,9,44,Breath
16,45,23,9,44,Breath
16,44,22,9,45,Breath
16,43,22,8,44,Breath
16,42,21,8,44,Breath
15,41,21,7,42,Breath
15,40,20,7,41,Breath
15,39,20,7,40,Breath
15,38,19,7,39,Breath
15,37,18,10,42,Breath
15,36,18,12,47,Breath
15,35,18,12,50,Breath
15,35,17,12,52,Breath
15,34,17,12,52,Breath
14,33,17,10,51,Breath
14,32,16,9,50,Breath
14,32,16,8,48,Breath
14,32,17,8,48,Breath
14,33,20,8,49,Breath
14,38,24,8,52,Breath
14,42,27,9,53,Breath
15,44,28,11,54,Breath
14,44,29,13,55,Breath
14,44,29,13,55,Breath
14,43,28,12,55,Breath
14,43,28,10,54,Breath
14,42,27,9,53,Breath
14,41,27,10,51,Breath
14,40,26,12,56,Breath
14,39,25,14,59,Breath
14,38,25,13,60,Breath
15,38,24,11,60,Breath
15,37,23,11,58,Breath
15,40,26,12,59,Breath
15,45,29,11,60,Breath
15,47,31,10,59,Breath
15,48,31,9,57,Breath
15,47,31,11,56,Breath
15,47,30,15,61,Breath
15,46,30,18,65,Breath
15,45,29,22,71,Breath
15,44,28,22,74,Breath
15,43,27,23,79,Breath
15,42,27,18,80,Breath
15,41,26,14,77,Breath
15,40,25,13,72,Breath
15,38,24,18,72,Breath
15,38,23,22,78,Breath
15,37,23,23,83,Breath
15,36,22,19,83,Breath
15,35,21,16,80,Breath
15,36,21,16,79,Breath
16,36,20,15,78,Breath
16,37,20,14,77,Breath
16,38,20,17,81,Breath
17,38,20,16,82,Breath
17,38,20,14,80,Breath
17,37,19,12,76,Breath
17,36,19,11,71,Breath
16,35,18,10,67,Breath
16,34,18,10,63,Breath
16,34,17,10,60,Breath
16,33,17,10,60,Breath
15,33,17,10,60,Breath
16,32,16,9,58,Breath
15,32,16,9,56,Breath
15,31,15,9,54,Breath
15,30,15,8,52,Breath
15,29,15,8,50,Breath
14,29,14,8,48,Breath
14,28,14,8,47,Breath
14,27,13,8,46,Breath
14,27,13,8,45,Breath
14,26,13,8,44,Breath
14,26,13,8,43,Breath
13,25,12,8,42,Breath
13,25,12,7,41,Breath
14,25,12,8,41,Breath
14,25,12,9,42,Breath
14,25,12,9,43,Breath
14,26,14,10,43,Breath
14,27,16,10,44,Breath
14,31,18,9,45,Breath
14,33,20,10,45,Breath
14,34,21,10,46,Breath
15,36,22,9,47,Breath
15,38,23,9,47,Breath
15,38,24,8,47,Breath
15,39,24,11,47,Breath
15,39,25,12,50,Breath
15,39,28,11,54,Breath
15,40,30,11,58,Breath
15,39,31,10,59,Breath
15,39,31,9,58,Breath
15,38,30,10,58,Breath
14,37,30,10,59,Breath
15,37,29,9,59,Breath
15,36,28,9,59,Breath
15,36,27,8,57,Breath
15,35,26,8,55,Breath
15,34,25,7,53,Breath
15,33,25,7,52,Breath
15,33,24,8,54,Breath
15,33,24,8,56,Breath
15,33,23,8,55,Breath
16,33,23,7,54,Breath
15,32,22,8,52,Breath
15,32,21,8,51,Breath
16,32,21,9,53,Breath
16,33,20,8,54,Breath
16,32,20,8,53,Breath
16,32,19,7,51,Breath
15,32,19,7,49,Breath
15,31,18,7,48,Breath
15,32,18,7,47,Breath
15,32,19,7,47,Breath
15,32,18,8,46,Breath
15,32,18,8,45,Breath
15,32,18,7,45,Breath
15,32,18,7,45,Breath
15,32,17,7,44,Breath
15,31,17,6,43,Breath
15,31,17,7,42,Breath
15,30,16,7,42,Breath
15,29,16,6,41,Breath
14,29,15,6,40,Breath
14,28,15,6,40,Breath
14,27,15,6,39,Breath
14,27,14,6,38,Breath
14,26,14,6,38,Breath
13,26,14,6,37,Breath
14,25,13,6,36,Breath
13,25,13,6,36,Breath
13,24,13,6,36,Breath
13,24,13,10,40,Breath
13,24,12,10,43,Breath
13,23,12,9,43,Breath
13,23,12,8,42,Breath
13,23,12,7,41,Breath
13,23,12,7,40,Breath
13,22,11,7,39,Breath
12,22,11,6,38,Breath
13,21,11,6,38,Breath
12,21,11,6,37,Breath
12,21,11,6,36,Breath
12,21,10,6,36,Breath
12,21,10,7,36,Breath
13,21,10,8,40,Breath
14,22,11,8,45,Breath
14,22,11,9,48,Breath
15,22,11,8,47,Breath
15,22,11,7,46,Breath
15,22,11,8,46,Breath
15,23,12,10,54,Breath
15,24,13,11,62,Breath
15,25,14,12,66,Breath
15,25,15,11,66,Breath
15,26,15,9,64,Breath
15,26,15,8,61,Breath
15,26,15,8,58,Breath
15,26,15,8,55,Breath
15,26,15,7,53,Breath
15,26,14,7,50,Breath
14,26,14,7,48,Breath
14,25,14,7,47,Breath
14,25,13,7,45,Breath
14,24,13,6,44,Breath
14,24,13,6,43,Breath
14,24,13,6,42,Breath
13,23,12,6,40,Breath
13,23,12,6,40,Breath
13,23,12,6,39,Breath
13,22,12,6,38,Breath
13,22,12,9,40,Breath
13,22,12,12,42,Breath
14,23,12,14,46,Breath
14,24,13,13,48,Breath
14,24,13,11,48,Breath
14,24,13,10,47,Breath
14,24,13,10,46,Breath
14,24,13,10,45,Breath
14,24,13,11,49,Breath
16,25,14,11,54,Breath
17,26,14,11,60,Breath
19,27,14,11,63,Breath
19,29,15,11,64,Breath
19,30,15,10,62,Breath
19,31,16,9,59,Breath
20,31,16,10,58,Breath
20,32,16,9,58,Breath
20,34,16,9,57,Breath
21,35,17,10,60,Breath
22,37,17,11,64,Breath
24,37,17,10,65,Breath
24,38,17,10,64,Breath
24,38,17,12,66,Breath
24,38,16,11,69,Breath
24,37,16,10,68,Breath
23,37,16,9,65,Breath
23,36,16,8,61,Breath
22,35,15,8,58,Breath
21,34,15,8,55,Breath
20,33,15,8,53,Breath
20,32,14,8,51,Breath
19,32,14,10,51,Breath
19,31,14,10,52,Breath
19,30,14,11,53,Breath
19,30,15,10,53,Breath
19,30,15,9,54,Breath
19,30,15,9,53,Breath
19,31,16,9,52,Breath
19,31,16,8,50,Breath
20,32,16,8,49,Breath
21,33,16,7,49,Breath
24,34,16,8,50,Breath
24,34,16,8,51,Breath
24,35,16,8,50,Breath
23,35,16,7,49,Breath
23,35,16,7,48,Breath
22,35,16,7,47,Breath
22,35,17,10,48,Breath
22,35,17,12,54,Breath
21,35,18,10,55,Breath
21,35,18,9,55,Breath
21,35,18,9,53,Breath
20,34,18,8,52,Breath
19,34,18,8,50,Breath
19,33,17,8,49,Breath
19,33,17,7,47,Breath
19,33,17,7,46,Breath
18,33,17,7,45,Breath
18,32,17,7,43,Breath
17,32,16,7,43,Breath
18,32,16,7,43,Breath
18,31,16,7,45,Breath
18,31,16,9,48,Breath
19,31,16,9,52,Breath
19,32,16,9,53,Breath
20,34,16,9,53,Breath
20,36,17,11,55,Breath
20,39,18,11,59,Breath
21,41,19,11,60,Breath
21,44,20,10,60,Breath
21,47,22,10,60,Breath
21,51,24,10,61,Breath
22,53,25,10,60,Breath
22,53,26,11,61,Breath
22,54,26,13,64,Breath
23,56,27,12,66,Breath
23,58,28,11,66,Breath
23,60,30,12,64,Breath
23,61,30,11,62,Breath
23,61,31,10,61,Breath
23,60,31,10,60,Breath
24,60,30,10,63,Breath
25,60,30,10,67,Breath
26,59,29,10,65,Breath
25,58,29,10,63,Breath
25,57,28,11,62,Breath
25,56,27,10,60,Breath
24,54,27,9,58,Breath
24,53,26,9,56,Breath
23,52,26,8,54,Breath
22,50,25,11,55,Breath
22,50,25,10,55,Breath
22,49,24,10,55,Breath
22,48,24,9,55,Breath
22,47,24,8,53,Breath
22,47,23,8,52,Breath
21,46,23,8,51,Breath
21,45,23,7,50,Breath
21,45,22,8,50,Breath
21,44,22,8,50,Breath
21,44,21,9,51,Breath
21,44,21,9,52,Breath
21,44,21,9,53,Breath
22,44,21,9,54,Breath
22,44,21,9,55,Breath
22,44,21,10,56,Breath
23,44,21,10,57,Breath
23,44,21,9,57,Breath
23,44,20,9,56,Breath
23,44,20,8,55,Breath
23,43,20,8,55,Breath
22,42,19,8,54,Breath
22,41,19,8,53,Breath
21,40,19,8,51,Breath
21,39,18,7,49,Breath
20,38,18,7,48,Breath
20,37,17,7,47,Breath
20,37,17,8,47,Breath
20,36,17,8,47,Breath
19,36,17,8,47,Breath
19,36,17,8,47,Breath
19,36,17,9,48,Breath
19,37,17,9,51,Breath
19,38,18,9,52,Breath
19,40,19,8,52,Breath
19,42,20,8,51,Breath
19,42,20,9,51,Breath
19,42,20,9,55,Breath
19,42,20,8,55,Breath
19,41,19,9,55,Breath
19,39,19,8,54,Breath
19,39,18,10,56,Breath
19,39,19,10,57,Breath
19,39,19,9,57,Breath
19,40,19,8,55,Breath
19,40,19,7,53,Breath
19,39,18,7,51,Breath
18,39,18,7,50,Breath
18,38,18,7,49,Breath
18,38,17,7,48,Breath
18,38,18,7,49,Breath
19,39,18,8,51,Breath
19,39,18,8,52,Breath
20,40,18,8,53,Breath
20,40,18,7,52,Breath
20,40,19,9,52,Breath
21,41,19,10,56,Breath
22,41,19,9,58,Breath
22,41,18,8,58,Breath
22,41,18,8,56,Breath
22,41,18,7,54,Breath
22,40,18,7,52,Breath
21,40,18,7,50,Breath
21,40,18,8,49,Breath
21,42,19,8,50,Breath
21,43,20,8,51,Breath
21,44,20,9,53,Breath
22,45,21,9,57,Breath
23,45,21,9,59,Breath
22,45,21,10,59,Breath
22,44,20,9,57,Breath
22,44,20,9,55,Breath
22,43,20,8,54,Breath
22,43,20,9,53,Breath
21,42,19,9,52,Breath
21,41,19,9,51,Breath
20,40,19,8,50,Breath
20,39,18,8,49,Breath
20,39,18,8,48,Breath
19,38,18,8,50,Breath
19,37,17,9,51,Breath
19,36,17,8,50,Breath
18,35,17,7,49,Breath
18,34,16,7,47,Breath
17,33,16,7,46,Breath
17,32,15,7,44,Breath
17,31,15,7,43,Breath
17,30,14,6,42,Breath
16,30,14,6,41,Breath
16,29,14,6,40,Breath
16,28,13,7,41,Breath
16,28,13,6,41,Breath
15,27,13,6,40,Breath
15,27,13,6,39,Breath
15,26,12,6,39,Breath
15,25,12,6,38,Breath
15,25,12,6,37,Breath
15,25,12,6,37,Breath
15,25,12,6,37,Breath
14,24,12,6,36,Breath
14,24,11,6,36,Breath
14,25,12,6,35,Breath
14,25,12,6,35,Breath
14,25,12,6,35,Breath
14,25,12,5,34,Breath
14,25,12,6,34,Breath
14,25,12,6,34,Breath
14,25,12,5,33,Breath
14,24,11,5,33,Breath
13,24,11,6,32,Breath
14,25,12,5,34,Breath
14,25,12,6,36,Breath
15,26,13,6,40,Breath
16,28,13,6,42,Breath
18,31,15,6,44,Breath
21,35,17,7,46,Breath
23,38,18,6,47,Breath
26,40,19,6,47,Breath
28,42,19,6,47,Breath
30,43,19,6,47,Breath
32,44,19,6,47,Breath
32,44,19,6,47,Breath
31,45,19,6,46,Breath
30,46,20,6,45,Breath
29,47,20,6,44,Breath
28,47,20,6,44,Breath
27,47,21,6,43,Breath
26,47,21,6,43,Breath
25,47,21,6,43,Breath
24,46,21,6,43,Breath
24,46,20,6,44,Breath
24,46,21,6,44,Breath
23,46,21,6,45,Breath
23,46,21,6,45,Breath
23,46,21,6,44,Breath
22,46,21,5,43,Breath
22,44,21,5,42,Breath
21,43,21,5,42,Breath
21,42,20,5,40,Breath
20,41,19,5,39,Breath
20,40,19,5,38,Breath
19,39,19,5,38,Breath
19,39,18,5,37,Breath
19,38,18,5,37,Breath
19,38,20,6,37,Breath
19,39,26,8,43,Breath
19,41,29,9,48,Breath
19,42,30,9,50,Breath
19,44,30,8,50,Breath
20,45,30,8,50,Breath
19,46,30,7,50,Breath
19,48,31,7,50,Breath
20,51,32,7,50,Breath
20,52,32,7,50,Breath
20,53,33,6,49,Breath
19,52,32,6,48,Breath
19,52,31,6,47,Breath
19,51,31,6,48,Breath
19,50,30,7,51,Breath
19,50,29,7,54,Breath
19,49,29,7,54,Breath
19,48,28,6,52,Breath
19,47,27,6,51,Breath
19,46,26,7,52,Breath
20,46,25,8,54,Breath
20,46,24,9,56,Breath
20,44,24,9,56,Breath
19,43,23,8,55,Breath
19,42,22,7,53,Breath
19,41,21,7,51,Breath
19,40,21,7,49,Breath
18,39,20,7,48,Breath
18,37,19,6,46,Breath
18,36,19,6,45,Breath
18,35,18,7,45,Breath
18,35,18,9,50,Breath
17,34,18,12,54,Breath
17,34,18,10,56,Breath
17,34,18,10,55,Breath
17,33,17,9,55,Breath
17,33,17,9,54,Breath
18,36,19,8,54,Breath
18,39,20,8,54,Breath
18,40,21,7,52,Breath
18,40,21,7,51,Breath
18,40,21,6,49,Breath
17,40,20,7,48,Breath
18,40,20,7,48,Breath
18,40,20,7,49,Breath
18,39,19,7,48,Breath
18,38,19,8,49,Breath
18,38,19,9,51,Breath
19,37,18,10,56,Breath
19,37,18,10,63,Breath
20,37,19,9,66,Breath
20,37,18,8,64,Breath
19,36,18,7,61,Breath
19,35,17,7,58,Breath
19,34,17,7,56,Breath
18,33,16,7,53,Breath
18,32,16,7,51,Breath
18,31,15,7,50,Breath
18,31,15,8,51,Breath
18,31,15,9,55,Breath
20,31,15,9,57,Breath
20,31,15,8,58,Breath
20,30,15,8,57,Breath
20,30,15,7,55,Breath
19,30,15,7,53,Breath
19,31,15,8,51,Breath
19,32,17,10,52,Breath
19,36,19,10,57,Breath
20,41,22,9,59,Breath
20,44,23,8,58,Breath
20,46,24,7,57,Breath
20,46,23,7,55,Breath
20,46,23,7,54,Breath
20,46,24,11,60,Breath
20,46,26,13,71,Breath
21,45,26,11,78,Breath
21,45,26,11,78,Breath
21,44,25,12,78,Breath
22,44,25,13,79,Breath
22,45,26,13,79,Breath
22,46,26,12,80,Breath
23,46,25,13,80,Breath
23,46,25,12,80,Breath
22,45,25,10,76,Breath
22,44,24,9,72,Breath
21,43,23,8,67,Breath
21,41,22,10,64,Breath
20,40,22,14,61,Breath
20,39,21,20,60,Breath
19,38,20,20,60,Breath
19,37,19,17,61,Breath
23,60,29,47,8,BreathDLL
23,59,29,46,8,BreathDLL
23,59,29,45,8,BreathDLL
23,59,32,46,8,BreathDLL
23,60,32,47,8,BreathDLL
23,61,32,47,9,BreathDLL
23,62,32,48,9,BreathDLL
23,63,32,48,9,BreathDLL
23,64,32,49,9,BreathDLL
23,65,31,48,8,BreathDLL
23,64,31,48,8,BreathDLL
23,64,30,47,8,BreathDLL
23,64,30,47,8,BreathDLL
23,63,30,48,9,BreathDLL
23,63,30,48,9,BreathDLL
23,62,30,48,9,BreathDLL
22,61,29,47,8,BreathDLL
22,60,28,46,8,BreathDLL
22,58,28,45,8,BreathDLL
22,57,27,44,7,BreathDLL
22,57,27,44,8,BreathDLL
22,58,29,44,7,BreathDLL
22,58,32,46,8,BreathDLL
22,59,35,47,8,BreathDLL
23,60,38,48,8,BreathDLL
23,60,39,49,9,BreathDLL
23,59,38,50,9,BreathDLL
23,58,37,50,8,BreathDLL
23,58,35,49,8,BreathDLL
23,56,34,48,8,BreathDLL
22,54,32,46,7,BreathDLL
22,53,31,45,7,BreathDLL
22,51,30,43,7,BreathDLL
21,50,29,42,7,BreathDLL
21,49,29,43,7,BreathDLL
21,49,31,45,7,BreathDLL
22,49,33,47,7,BreathDLL
22,50,35,48,7,BreathDLL
22,51,36,49,7,BreathDLL
22,52,36,50,7,BreathDLL
23,53,37,50,7,BreathDLL
23,53,37,51,7,BreathDLL
24,53,36,51,7,BreathDLL
24,53,35,51,6,BreathDLL
24,52,34,49,6,BreathDLL
24,51,32,48,6,BreathDLL
23,50,31,47,6,BreathDLL
23,49,30,46,6,BreathDLL
23,48,30,47,6,BreathDLL
23,48,30,47,6,BreathDLL
23,48,30,47,6,BreathDLL
23,49,31,48,6,BreathDLL
23,48,30,48,6,BreathDLL
23,48,30,47,6,BreathDLL
23,47,29,46,6,BreathDLL
23,47,30,47,6,BreathDLL
23,47,33,48,7,BreathDLL
23,48,35,49,7,BreathDLL
23,48,35,50,7,BreathDLL
23,49,34,50,7,BreathDLL
23,50,34,50,8,BreathDLL
24,52,34,51,8,BreathDLL
24,55,34,51,8,BreathDLL
25,59,34,51,9,BreathDLL
26,64,35,52,9,BreathDLL
26,68,36,52,9,BreathDLL
26,71,37,52,9,BreathDLL
27,72,37,52,9,BreathDLL
27,72,37,51,9,BreathDLL
27,72,37,50,8,BreathDLL
27,75,37,50,8,BreathDLL
26,79,37,50,8,BreathDLL
26,80,37,51,9,BreathDLL
27,81,37,52,9,BreathDLL
27,83,37,53,9,BreathDLL
27,83,37,54,10,BreathDLL
27,83,37,54,9,BreathDLL
27,83,37,54,8,BreathDLL
27,82,36,53,8,BreathDLL
27,81,35,52,8,BreathDLL
27,79,35,51,9,BreathDLL
27,78,34,51,10,BreathDLL
26,76,33,51,9,BreathDLL
26,74,33,50,8,BreathDLL
26,72,32,49,8,BreathDLL
25,69,31,47,7,BreathDLL
25,67,30,46,8,BreathDLL
25,65,29,45,8,BreathDLL
24,64,28,44,8,BreathDLL
24,63,28,44,9,BreathDLL
24,62,28,44,10,BreathDLL
24,62,27,45,10,BreathDLL
24,61,27,45,10,BreathDLL
24,62,28,45,10,BreathDLL
24,64,29,46,11,BreathDLL
24,66,30,47,12,BreathDLL
25,69,31,49,13,BreathDLL
25,72,33,51,11,BreathDLL
25,72,33,51,10,BreathDLL
25,72,33,51,9,BreathDLL
25,71,32,50,9,BreathDLL
25,70,32,49,9,BreathDLL
25,69,31,48,9,BreathDLL
25,69,32,48,10,BreathDLL
25,73,36,49,10,BreathDLL
25,75,38,51,11,BreathDLL
26,76,38,52,11,BreathDLL
26,77,38,54,11,BreathDLL
26,78,38,54,11,BreathDLL
27,80,39,55,11,BreathDLL
27,80,39,56,11,BreathDLL
27,81,39,56,11,BreathDLL
27,81,40,56,11,BreathDLL
27,82,40,56,11,BreathDLL
28,83,41,56,11,BreathDLL
28,84,42,56,11,BreathDLL
28,85,42,57,11,BreathDLL
28,86,42,58,10,BreathDLL
29,87,42,58,11,BreathDLL
29,87,42,59,11,BreathDLL
29,86,42,60,11,BreathDLL
29,86,42,61,11,BreathDLL
29,87,43,61,12,BreathDLL
30,88,44,64,13,BreathDLL
30,90,45,66,13,BreathDLL
30,91,47,68,14,BreathDLL
30,91,48,69,14,BreathDLL
31,91,48,70,14,BreathDLL
31,92,48,71,14,BreathDLL
31,92,48,72,15,BreathDLL
31,93,48,72,15,BreathDLL
32,93,48,72,14,BreathDLL
32,93,48,72,14,BreathDLL
32,93,47,71,13,BreathDLL
33,92,47,71,12,BreathDLL
32,91,46,69,11,BreathDLL
32,90,45,67,10,BreathDLL
32,88,44,66,9,BreathDLL
32,85,43,63,9,BreathDLL
31,83,42,60,9,BreathDLL
31,80,41,58,8,BreathDLL
30,78,39,55,8,BreathDLL
29,76,38,53,8,BreathDLL
28,74,36,52,8,BreathDLL
28,72,35,50,8,BreathDLL
27,70,34,49,8,BreathDLL
26,68,33,48,7,BreathDLL
26,65,32,46,7,BreathDLL
26,63,31,45,7,BreathDLL
25,62,30,47,7,BreathDLL
25,61,29,49,7,BreathDLL
24,60,28,50,7,BreathDLL
24,58,27,50,7,BreathDLL
23,57,26,49,7,BreathDLL
23,55,25,48,6,BreathDLL
23,53,24,46,6,BreathDLL
22,52,23,45,6,BreathDLL
22,51,23,45,6,BreathDLL
22,49,22,44,6,BreathDLL
22,48,21,43,6,BreathDLL
21,47,21,43,6,BreathDLL
21,46,20,42,6,BreathDLL
21,45,20,42,6,BreathDLL
20,44,20,42,6,BreathDLL
20,44,19,42,6,BreathDLL
20,44,19,42,6,BreathDLL
20,43,19,42,6,BreathDLL
20,42,19,42,7,BreathDLL
20,42,19,42,8,BreathDLL
20,42,18,43,9,BreathDLL
20,42,19,44,9,BreathDLL
20,43,26,46,9,BreathDLL
20,44,29,48,10,BreathDLL
21,45,30,49,11,BreathDLL
21,46,32,52,12,BreathDLL
22,47,34,54,11,BreathDLL
22,48,34,55,10,BreathDLL
23,48,33,55,9,BreathDLL
23,48,34,55,9,BreathDLL
23,48,38,55,9,BreathDLL
23,49,39,56,9,BreathDLL
24,50,38,56,9,BreathDLL
24,50,36,56,9,BreathDLL
24,50,35,55,9,BreathDLL
24,49,34,54,9,BreathDLL
24,50,33,55,9,BreathDLL
24,50,34,56,10,BreathDLL
25,51,36,56,10,BreathDLL
25,51,35,56,10,BreathDLL
25,51,35,56,10,BreathDLL
25,53,35,56,10,BreathDLL
25,54,36,56,11,BreathDLL
26,55,36,57,11,BreathDLL
26,56,35,58,12,BreathDLL
26,57,35,58,12,BreathDLL
26,58,34,58,13,BreathDLL
26,61,34,59,13,BreathDLL
27,64,36,60,14,BreathDLL
27,68,38,63,15,BreathDLL
28,72,40,65,15,BreathDLL
28,75,40,66,14,BreathDLL
29,77,40,67,15,BreathDLL
29,79,41,67,14,BreathDLL
30,81,44,68,14,BreathDLL
30,83,45,69,14,BreathDLL
31,84,45,70,15,BreathDLL
31,84,44,71,14,BreathDLL
32,85,44,71,15,BreathDLL
32,87,45,71,14,BreathDLL
32,90,47,72,14,BreathDLL
33,92,48,72,14,BreathDLL
33,92,48,73,14,BreathDLL
34,92,47,72,13,BreathDLL
34,91,46,72,12,BreathDLL
33,90,46,71,12,BreathDLL
33,89,44,70,11,BreathDLL
33,87,43,68,11,BreathDLL
32,85,41,67,11,BreathDLL
32,83,40,66,11,BreathDLL
32,82,40,66,11,BreathDLL
31,82,39,66,12,BreathDLL
31,81,41,66,12,BreathDLL
32,81,41,66,13,BreathDLL
31,80,41,66,13,BreathDLL
31,78,39,65,12,BreathDLL
31,77,38,64,12,BreathDLL
30,76,38,64,12,BreathDLL
30,75,38,63,12,BreathDLL
30,75,38,64,14,BreathDLL
31,76,38,64,14,BreathDLL
31,77,38,64,14,BreathDLL
31,77,38,64,14,BreathDLL
31,78,40,64,14,BreathDLL
31,79,40,64,15,BreathDLL
31,79,41,65,15,BreathDLL
31,80,41,65,14,BreathDLL
31,80,41,65,16,BreathDLL
31,82,42,66,16,BreathDLL
31,83,42,68,16,BreathDLL
32,85,43,69,16,BreathDLL
32,85,44,70,15,BreathDLL
32,86,44,70,15,BreathDLL
33,86,44,70,14,BreathDLL
32,86,43,70,14,BreathDLL
33,85,43,69,14,BreathDLL
33,85,43,68,14,BreathDLL
33,85,44,69,14,BreathDLL
33,85,44,69,14,BreathDLL
33,85,43,69,15,BreathDLL
32,85,43,70,14,BreathDLL
33,87,43,70,14,BreathDLL
32,87,42,70,13,BreathDLL
32,87,42,69,13,BreathDLL
32,86,41,67,12,BreathDLL
32,85,41,66,12,BreathDLL
32,85,41,67,13,BreathDLL
32,85,42,70,14,BreathDLL
32,86,42,72,15,BreathDLL
33,86,42,74,15,BreathDLL
33,86,42,75,15,BreathDLL
34,85,42,76,14,BreathDLL
34,85,42,75,14,BreathDLL
34,85,41,74,13,BreathDLL
34,83,40,72,12,BreathDLL
33,82,39,69,11,BreathDLL
33,80,38,66,11,BreathDLL
33,80,38,67,11,BreathDLL
32,79,37,68,13,BreathDLL
33,79,37,69,13,BreathDLL
33,78,36,69,14,BreathDLL
33,78,36,70,16,BreathDLL
33,78,36,72,16,BreathDLL
33,78,36,73,16,BreathDLL
34,79,37,73,15,BreathDLL
34,79,37,73,15,BreathDLL
33,80,37,74,15,BreathDLL
34,81,37,75,16,BreathDLL
34,82,38,76,16,BreathDLL
35,82,38,77,16,BreathDLL
35,83,38,77,16,BreathDLL
35,83,38,78,16,BreathDLL
34,82,38,76,14,BreathDLL
34,81,37,75,14,BreathDLL
34,80,36,74,13,BreathDLL
33,78,35,72,14,BreathDLL
33,76,35,70,14,BreathDLL
32,74,35,69,14,BreathDLL
32,73,35,69,14,BreathDLL
31,73,35,68,15,BreathDLL
31,73,35,67,15,BreathDLL
31,73,35,67,15,BreathDLL
31,73,36,67,14,BreathDLL
31,72,37,68,14,BreathDLL
30,70,37,68,14,BreathDLL
30,69,37,68,13,BreathDLL
30,68,36,67,12,BreathDLL
29,66,34,65,12,BreathDLL
28,64,33,63,11,BreathDLL
28,62,32,60,11,BreathDLL
28,60,31,58,10,BreathDLL
27,58,30,55,10,BreathDLL
26,56,29,53,10,BreathDLL
26,56,28,54,10,BreathDLL
26,56,28,56,11,BreathDLL
26,57,28,58,11,BreathDLL
27,58,28,59,11,BreathDLL
27,57,28,59,11,BreathDLL
27,57,27,59,11,BreathDLL
27,58,27,59,11,BreathDLL
27,57,27,60,11,BreathDLL
27,58,30,61,12,BreathDLL
28,58,32,62,12,BreathDLL
28,58,32,62,11,BreathDLL
28,57,32,62,11,BreathDLL
28,57,33,62,11,BreathDLL
28,57,34,61,10,BreathDLL
28,56,33,61,10,BreathDLL
27,55,32,59,10,BreathDLL
27,53,31,58,10,BreathDLL
27,53,30,57,10,BreathDLL
26,53,30,58,9,BreathDLL
26,52,30,59,9,BreathDLL
26,52,31,60,9,BreathDLL
27,54,32,61,10,BreathDLL
27,55,33,62,11,BreathDLL
27,61,36,62,11,BreathDLL
28,66,38,63,11,BreathDLL
28,70,38,64,11,BreathDLL
29,71,38,64,11,BreathDLL
30,72,37,64,11,BreathDLL
30,73,36,63,12,BreathDLL
30,75,36,63,12,BreathDLL
30,76,37,63,12,BreathDLL
30,79,39,64,13,BreathDLL
31,80,39,64,12,BreathDLL
31,81,39,64,12,BreathDLL
31,82,39,64,12,BreathDLL
31,82,40,64,12,BreathDLL
32,83,41,65,12,BreathDLL
32,84,42,66,13,BreathDLL
32,85,42,68,13,BreathDLL
33,87,43,69,14,BreathDLL
33,87,43,71,14,BreathDLL
34,87,43,71,14,BreathDLL
34,88,43,71,14,BreathDLL
34,88,43,71,15,BreathDLL
34,87,43,72,14,BreathDLL
34,87,41,72,13,BreathDLL
34,85,40,70,12,BreathDLL
33,85,40,69,12,BreathDLL
33,86,40,68,12,BreathDLL
34,86,40,68,13,BreathDLL
33,85,40,67,13,BreathDLL
33,84,39,66,13,BreathDLL
33,82,39,65,12,BreathDLL
32,80,38,64,12,BreathDLL
32,79,38,63,12,BreathDLL
31,77,37,62,12,BreathDLL
31,76,37,63,12,BreathDLL
31,74,36,62,12,BreathDLL
30,73,36,62,12,BreathDLL
30,73,36,62,12,BreathDLL
30,72,35,61,11,BreathDLL
30,72,35,61,11,BreathDLL
30,72,35,61,11,BreathDLL
30,71,34,60,11,BreathDLL
29,69,34,59,10,BreathDLL
29,68,32,57,10,BreathDLL
29,66,32,56,10,BreathDLL
28,65,31,55,10,BreathDLL
28,63,31,55,11,BreathDLL
28,63,31,55,11,BreathDLL
28,63,31,56,12,BreathDLL
27,64,31,56,12,BreathDLL
28,65,32,57,13,BreathDLL
28,66,32,58,13,BreathDLL
28,68,33,59,13,BreathDLL
28,70,34,60,13,BreathDLL
29,73,34,61,13,BreathDLL
29,75,35,61,12,BreathDLL
29,75,35,60,11,BreathDLL
29,74,34,59,10,BreathDLL
29,73,34,58,10,BreathDLL
29,72,35,58,11,BreathDLL
28,71,35,59,12,BreathDLL
28,70,36,62,13,BreathDLL
28,69,36,63,13,BreathDLL
28,70,36,64,13,BreathDLL
28,70,36,64,13,BreathDLL
28,71,36,64,13,BreathDLL
28,71,36,64,13,BreathDLL
28,72,36,63,13,BreathDLL
28,73,36,63,13,BreathDLL
28,73,36,63,12,BreathDLL
28,74,36,62,12,BreathDLL
28,74,39,63,13,BreathDLL
28,75,46,65,13,BreathDLL
28,77,51,67,13,BreathDLL
28,79,52,68,13,BreathDLL
29,81,51,69,13,BreathDLL
29,81,50,69,13,BreathDLL
29,82,49,69,12,BreathDLL
30,82,48,68,12,BreathDLL
30,81,46,67,12,BreathDLL
30,80,45,66,11,BreathDLL
30,79,44,64,11,BreathDLL
29,78,43,62,11,BreathDLL
29,77,42,60,10,BreathDLL
29,75,42,59,10,BreathDLL
28,75,41,59,10,BreathDLL
28,75,41,60,11,BreathDLL
28,74,40,61,12,BreathDLL
28,74,39,63,13,BreathDLL
28,74,39,64,12,BreathDLL
29,73,38,64,11,BreathDLL
29,73,37,64,11,BreathDLL
29,73,37,64,11,BreathDLL
29,74,39,64,11,BreathDLL
29,74,39,64,11,BreathDLL
29,74,38,63,11,BreathDLL
29,79,39,63,11,BreathDLL
30,83,41,64,11,BreathDLL
31,89,43,64,12,BreathDLL
31,93,44,65,13,BreathDLL
32,94,44,66,13,BreathDLL
32,95,43,65,12,BreathDLL
33,95,44,65,12,BreathDLL
33,96,47,66,13,BreathDLL
33,97,51,68,13,BreathDLL
34,98,53,69,13,BreathDLL
34,98,53,71,13,BreathDLL
35,97,53,73,12,BreathDLL
35,97,52,74,12,BreathDLL
36,96,50,74,12,BreathDLL
36,95,49,73,11,BreathDLL
35,93,47,71,10,BreathDLL
35,92,46,70,10,BreathDLL
35,90,46,69,11,BreathDLL
35,90,50,69,11,BreathDLL
35,89,50,69,11,BreathDLL
34,88,49,69,11,BreathDLL
34,87,48,68,10,BreathDLL
34,85,46,67,10,BreathDLL
34,84,47,65,10,BreathDLL
33,84,54,66,11,BreathDLL
33,84,55,68,11,BreathDLL
33,83,54,69,12,BreathDLL
33,84,53,70,12,BreathDLL
33,84,51,70,12,BreathDLL
33,85,50,70,12,BreathDLL
33,87,49,70,12,BreathDLL
33,89,48,70,12,BreathDLL
33,90,47,70,12,BreathDLL
33,91,46,70,12,BreathDLL
34,90,46,70,11,BreathDLL
34,89,45,69,11,BreathDLL
34,88,45,68,11,BreathDLL
33,88,44,66,11,BreathDLL
33,89,45,66,12,BreathDLL
33,89,45,67,12,BreathDLL
33,89,45,67,11,BreathDLL
32,88,44,66,11,BreathDLL
32,88,44,66,11,BreathDLL
32,87,44,65,11,BreathDLL
32,87,43,64,11,BreathDLL
32,86,43,64,11,BreathDLL
32,85,42,63,11,BreathDLL
32,84,42,63,11,BreathDLL
31,83,42,64,11,BreathDLL
31,82,41,63,11,BreathDLL
31,81,40,63,11,BreathDLL
31,80,40,63,13,BreathDLL
31,80,40,64,13,BreathDLL
31,80,41,64,13,BreathDLL
31,80,41,65,13,BreathDLL
31,80,40,65,13,BreathDLL
31,81,40,65,13,BreathDLL
32,81,40,65,13,BreathDLL
32,82,41,66,13,BreathDLL
32,82,41,67,13,BreathDLL
32,83,41,68,13,BreathDLL
32,84,42,67,14,BreathDLL
33,85,42,68,14,BreathDLL
33,85,42,69,13,BreathDLL
34,86,42,69,13,BreathDLL
33,86,42,69,14,BreathDLL
34,87,42,69,15,BreathDLL
34,87,43,69,15,BreathDLL
34,88,43,69,14,BreathDLL
34,88,43,69,14,BreathDLL
34,89,43,69,15,BreathDLL
34,89,43,70,15,BreathDLL
35,89,43,70,15,BreathDLL
34,89,43,70,13,BreathDLL
34,88,42,68,12,BreathDLL
34,86,41,66,11,BreathDLL
33,84,40,65,11,BreathDLL
33,83,40,64,11,BreathDLL
33,82,39,63,12,BreathDLL
32,80,39,62,12,BreathDLL
32,81,39,62,12,BreathDLL
32,82,40,62,13,BreathDLL
32,84,41,63,13,BreathDLL
32,85,41,63,12,BreathDLL
32,85,41,62,12,BreathDLL
33,84,41,63,13,BreathDLL
33,85,41,64,14,BreathDLL
33,86,42,66,14,BreathDLL
33,88,43,66,13,BreathDLL
34,89,43,66,13,BreathDLL
34,90,43,67,12,BreathDLL
34,90,43,67,11,BreathDLL
34,90,43,66,11,BreathDLL
33,89,42,66,11,BreathDLL
33,88,42,65,12,BreathDLL
33,88,42,64,12,BreathDLL
32,87,42,64,12,BreathDLL
32,86,41,64,11,BreathDLL
32,85,41,63,11,BreathDLL
32,84,40,62,11,BreathDLL
32,83,40,61,11,BreathDLL
32,83,40,60,11,BreathDLL
32,82,40,61,13,BreathDLL
31,82,40,61,12,BreathDLL
31,82,40,61,12,BreathDLL
31,82,40,61,11,BreathDLL
31,82,40,61,12,BreathDLL
31,82,40,62,12,BreathDLL
31,82,40,62,12,BreathDLL
31,83,40,63,12,BreathDLL
31,83,40,64,12,BreathDLL
31,84,40,64,14,BreathDLL
31,84,41,65,14,BreathDLL
31,85,41,66,14,BreathDLL
31,86,41,67,14,BreathDLL
31,86,42,68,13,BreathDLL
31,86,42,68,13,BreathDLL
31,87,42,67,13,BreathDLL
31,86,42,67,14,BreathDLL
31,86,41,67,14,BreathDLL
31,86,43,68,14,BreathDLL
31,85,45,68,13,BreathDLL
31,84,43,67,12,BreathDLL
31,82,43,66,12,BreathDLL
31,81,41,65,11,BreathDLL
31,80,40,64,10,BreathDLL
30,78,39,63,9,BreathDLL
30,76,38,60,9,BreathDLL
29,73,37,58,9,BreathDLL
29,71,36,56,8,BreathDLL
28,69,35,54,8,BreathDLL
28,67,33,52,8,BreathDLL
27,66,33,52,8,BreathDLL
27,65,34,54,8,BreathDLL
27,65,34,56,9,BreathDLL
28,66,35,57,9,BreathDLL
28,65,34,57,9,BreathDLL
28,65,34,57,9,BreathDLL
28,65,33,58,10,BreathDLL
28,65,33,59,11,BreathDLL
28,67,34,61,11,BreathDLL
28,68,34,63,12,BreathDLL
28,68,34,63,11,BreathDLL
28,68,34,63,11,BreathDLL
28,67,33,62,11,BreathDLL
28,67,33,61,11,BreathDLL
28,67,33,60,12,BreathDLL
28,67,33,61,13,BreathDLL
27,67,33,62,13,BreathDLL
27,68,33,62,13,BreathDLL
27,69,34,63,13,BreathDLL
27,70,34,64,13,BreathDLL
28,70,34,63,12,BreathDLL
28,69,33,62,11,BreathDLL
27,68,33,60,11,BreathDLL
27,67,32,58,10,BreathDLL
27,67,32,57,11,BreathDLL
27,69,34,58,11,BreathDLL
27,70,37,60,11,BreathDLL
27,71,40,62,11,BreathDLL
28,72,42,64,12,BreathDLL
28,74,42,66,12,BreathDLL
28,74,42,67,12,BreathDLL
28,74,41,67,12,BreathDLL
28,72,40,68,12,BreathDLL
28,72,40,69,12,BreathDLL
28,71,39,69,12,BreathDLL
28,70,39,68,11,BreathDLL
28,69,38,66,11,BreathDLL
27,68,37,64,10,BreathDLL
27,66,36,62,10,BreathDLL
27,65,35,61,10,BreathDLL
27,65,35,62,10,BreathDLL
27,65,35,63,10,BreathDLL
27,65,36,65,10,BreathDLL
27,65,36,66,10,BreathDLL
28,66,36,68,9,BreathDLL
28,66,36,70,10,BreathDLL
28,67,36,71,10,BreathDLL
29,67,36,73,10,BreathDLL
29,68,37,75,10,BreathDLL
30,69,37,76,11,BreathDLL
30,70,37,77,11,BreathDLL
31,71,37,79,11,BreathDLL
31,72,38,80,11,BreathDLL
31,73,38,79,10,BreathDLL
31,73,37,77,9,BreathDLL
31,72,36,74,11,BreathDLL
31,72,35,72,11,BreathDLL
31,72,35,69,11,BreathDLL
31,72,34,67,10,BreathDLL
30,72,34,65,10,BreathDLL
30,71,34,64,10,BreathDLL
30,71,34,63,10,BreathDLL
30,73,35,64,11,BreathDLL
30,73,36,65,12,BreathDLL
30,73,36,65,12,BreathDLL
30,74,36,66,11,BreathDLL
30,73,35,65,11,BreathDLL
30,73,34,64,11,BreathDLL
30,73,34,64,10,BreathDLL
30,73,34,66,10,BreathDLL
30,74,35,69,11,BreathDLL
30,74,37,71,11,BreathDLL
31,75,39,73,11,BreathDLL
31,74,39,73,10,BreathDLL
31,73,39,73,10,BreathDLL
31,72,37,71,9,BreathDLL
30,70,36,69,9,BreathDLL
30,68,35,66,8,BreathDLL
29,67,34,64,8,BreathDLL
29,66,34,64,9,BreathDLL
29,65,35,65,9,BreathDLL
29,66,35,66,9,BreathDLL
29,65,35,67,10,BreathDLL
28,64,34,69,11,BreathDLL
28,63,34,70,12,BreathDLL
28,62,34,72,12,BreathDLL
29,62,34,74,13,BreathDLL
29,61,34,75,13,BreathDLL
30,62,35,77,12,BreathDLL
30,61,35,77,12,BreathDLL
30,61,34,76,11,BreathDLL
30,60,33,75,10,BreathDLL
29,59,32,72,10,BreathDLL
29,58,31,70,10,BreathDLL
29,57,31,69,11,BreathDLL
29,56,30,68,12,BreathDLL
28,56,30,68,13,BreathDLL
28,55,29,69,13,BreathDLL
28,55,29,70,13,BreathDLL
28,55,29,70,12,BreathDLL
28,54,29,69,11,BreathDLL
28,53,28,67,10,BreathDLL
28,52,27,65,9,BreathDLL
27,51,26,63,9,BreathDLL
27,50,25,61,9,BreathDLL
27,50,26,63,9,BreathDLL
27,50,39,65,9,BreathDLL
27,50,47,67,9,BreathDLL
27,51,48,69,11,BreathDLL
28,53,48,71,12,BreathDLL
28,57,48,74,13,BreathDLL
29,60,47,75,13,BreathDLL
30,64,47,76,15,BreathDLL
31,69,47,77,14,BreathDLL
31,72,46,78,14,BreathDLL
31,74,46,79,14,BreathDLL
31,75,45,80,14,BreathDLL
31,76,44,81,13,BreathDLL
32,76,44,81,13,BreathDLL
32,75,43,81,14,BreathDLL
32,75,43,81,14,BreathDLL
33,75,44,81,15,BreathDLL
33,75,44,81,15,BreathDLL
33,75,44,81,16,BreathDLL
33,75,44,81,17,BreathDLL
33,74,44,83,16,BreathDLL
34,75,43,84,17,BreathDLL
34,74,42,83,15,BreathDLL
34,73,41,81,15,BreathDLL
34,73,40,79,14,BreathDLL
34,74,40,77,14,BreathDLL
33,76,39,75,13,BreathDLL
33,77,40,75,12,BreathDLL
33,77,40,73,12,BreathDLL
33,77,39,70,11,BreathDLL
33,77,40,69,11,BreathDLL
33,77,42,70,11,BreathDLL
33,78,45,70,11,BreathDLL
33,78,47,71,11,BreathDLL
33,78,47,73,11,BreathDLL
33,78,46,74,11,BreathDLL
33,77,45,73,12,BreathDLL
33,76,44,74,13,BreathDLL
33,75,43,75,14,BreathDLL
33,74,42,77,14,BreathDLL
33,74,42,79,15,BreathDLL
33,73,42,80,16,BreathDLL
33,72,41,81,16,BreathDLL
33,72,41,81,16,BreathDLL
34,72,40,81,15,BreathDLL
33,72,39,79,14,BreathDLL
33,72,39,78,13,BreathDLL
33,72,38,76,14,BreathDLL
32,72,39,76,14,BreathDLL
32,71,41,77,15,BreathDLL
31,70,42,78,14,BreathDLL
31,70,43,79,15,BreathDLL
31,69,42,79,14,BreathDLL
30,68,41,79,14,BreathDLL
30,67,40,77,13,BreathDLL
29,65,38,76,12,BreathDLL
29,64,37,74,11,BreathDLL
29,63,36,72,11,BreathDLL
28,62,35,69,10,BreathDLL
28,60,34,67,10,BreathDLL
27,59,35,65,10,BreathDLL
27,59,37,66,11,BreathDLL
27,60,37,68,12,BreathDLL
27,61,38,69,12,BreathDLL
28,62,38,71,12,BreathDLL
28,62,38,72,11,BreathDLL
28,61,37,71,11,BreathDLL
28,60,35,69,11,BreathDLL
28,60,34,68,11,BreathDLL
28,62,37,68,12,BreathDLL
28,65,41,69,12,BreathDLL
29,70,43,70,12,BreathDLL
29,74,44,70,11,BreathDLL
30,77,44,70,11,BreathDLL
31,77,44,71,11,BreathDLL
31,78,44,71,11,BreathDLL
32,78,43,72,11,BreathDLL
32,78,43,72,11,BreathDLL
32,77,42,71,10,BreathDLL
32,76,40,69,10,BreathDLL
31,75,40,67,10,BreathDLL
32,75,39,65,9,BreathDLL
32,74,38,64,9,BreathDLL
31,73,37,62,9,BreathDLL
31,72,36,61,8,BreathDLL
31,72,35,60,8,BreathDLL
31,70,35,60,8,BreathDLL
31,68,33,58,8,BreathDLL
30,66,32,56,8,BreathDLL
30,65,32,55,8,BreathDLL
29,63,32,54,7,BreathDLL
29,62,31,52,8,BreathDLL
28,60,30,51,7,BreathDLL
28,60,29,50,8,BreathDLL
28,61,28,51,8,BreathDLL
28,63,28,52,8,BreathDLL
27,64,28,53,8,BreathDLL
27,66,28,54,8,BreathDLL
27,66,28,54,7,BreathDLL
27,65,27,54,8,BreathDLL
27,64,27,53,7,BreathDLL
26,63,26,52,7,BreathDLL
26,62,26,51,7,BreathDLL
26,62,25,50,7,BreathDLL
26,62,25,50,7,BreathDLL
27,61,25,50,7,BreathDLL
27,61,25,49,7,BreathDLL
27,60,25,49,7,BreathDLL
28,59,24,49,7,BreathDLL
28,58,24,49,7,BreathDLL
28,57,26,48,7,BreathDLL
28,56,32,48,7,BreathDLL
28,56,34,48,6,BreathDLL
28,54,33,47,6,BreathDLL
28,52,32,47,6,BreathDLL
28,51,31,45,6,BreathDLL
27,50,30,44,6,BreathDLL
27,49,37,44,6,BreathDLL
27,49,39,43,6,BreathDLL
27,49,38,43,6,BreathDLL
28,49,37,44,6,BreathDLL
28,49,36,44,6,BreathDLL
28,48,35,44,6,BreathDLL
28,48,34,44,6,BreathDLL
28,48,33,45,6,BreathDLL
28,47,32,44,6,BreathDLL
27,47,31,44,6,BreathDLL
27,47,31,44,6,BreathDLL
27,47,32,43,6,BreathDLL
27,47,32,44,6,BreathDLL
28,48,32,43,7,BreathDLL
28,48,31,43,6,BreathDLL
28,48,39,44,6,BreathDLL
28,48,43,45,6,BreathDLL
29,49,42,46,6,BreathDLL
29,49,41,46,6,BreathDLL
29,49,39,45,6,BreathDLL
29,48,38,45,6,BreathDLL
28,47,39,46,6,BreathDLL
28,47,40,48,6,BreathDLL
29,47,40,50,6,BreathDLL
29,47,40,53,6,BreathDLL
30,48,39,56,7,BreathDLL
31,49,39,59,7,BreathDLL
32,49,39,61,7,BreathDLL
32,50,38,62,7,BreathDLL
33,51,38,63,7,BreathDLL
33,52,38,64,7,BreathDLL
34,52,38,64,7,BreathDLL
33,52,36,63,6,BreathDLL
33,52,35,61,6,BreathDLL
33,52,33,59,6,BreathDLL
32,52,33,58,6,BreathDLL
32,55,34,58,7,BreathDLL
32,58,37,58,7,BreathDLL
32,59,38,61,7,BreathDLL
32,59,40,62,7,BreathDLL
32,60,44,63,7,BreathDLL
32,60,45,63,7,BreathDLL
33,61,44,64,7,BreathDLL
33,61,43,63,7,BreathDLL
33,61,41,62,6,BreathDLL
32,60,39,60,6,BreathDLL
32,59,37,58,6,BreathDLL
31,57,35,55,6,BreathDLL
31,57,38,53,6,BreathDLL
30,58,44,53,6,BreathDLL
30,59,44,53,6,BreathDLL
31,62,44,53,6,BreathDLL
31,63,45,53,6,BreathDLL
31,64,45,53,6,BreathDLL
31,64,43,53,6,BreathDLL
31,64,41,52,6,BreathDLL
30,63,39,51,6,BreathDLL
30,62,37,49,6,BreathDLL
29,61,37,49,6,BreathDLL
29,61,38,50,6,BreathDLL
29,61,39,52,6,BreathDLL
30,62,41,53,6,BreathDLL
30,63,42,55,6,BreathDLL
31,63,43,56,6,BreathDLL
32,63,43,57,6,BreathDLL
32,63,43,57,6,BreathDLL
32,62,43,56,6,BreathDLL
32,61,42,56,6,BreathDLL
32,61,41,56,6,BreathDLL
32,61,40,56,6,BreathDLL
32,60,38,55,6,BreathDLL
33,64,37,55,7,BreathDLL
33,67,36,55,7,BreathDLL
34,68,36,56,8,BreathDLL
34,70,36,57,9,BreathDLL
35,72,36,58,9,BreathDLL
35,75,36,59,9,BreathDLL
36,76,36,61,8,BreathDLL
36,77,36,62,8,BreathDLL
35,77,36,61,8,BreathDLL
35,76,35,60,7,BreathDLL
34,75,34,58,7,BreathDLL
34,75,33,58,7,BreathDLL
34,74,33,60,8,BreathDLL
34,74,34,62,8,BreathDLL
34,74,37,64,8,BreathDLL
35,73,37,63,7,BreathDLL
34,73,42,63,7,BreathDLL
35,74,45,62,7,BreathDLL
35,75,44,61,7,BreathDLL
35,75,42,61,7,BreathDLL
35,74,40,59,7,BreathDLL
34,73,39,58,7,BreathDLL
34,71,37,57,7,BreathDLL
33,70,36,57,7,BreathDLL
33,69,35,57,7,BreathDLL
33,69,35,58,7,BreathDLL
33,68,35,58,8,BreathDLL
33,68,35,59,8,BreathDLL
33,67,34,59,8,BreathDLL
32,66,33,59,8,BreathDLL
32,66,33,58,8,BreathDLL
32,65,32,57,8,BreathDLL
32,65,31,56,7,BreathDLL
31,65,31,56,7,BreathDLL
31,65,31,56,7,BreathDLL
31,64,30,56,7,BreathDLL
31,65,30,56,7,BreathDLL
31,64,30,57,8,BreathDLL
32,64,30,59,8,BreathDLL
32,64,31,61,9,BreathDLL
32,64,31,62,10,BreathDLL
33,64,32,63,10,BreathDLL
33,63,33,65,9,BreathDLL
33,63,32,65,9,BreathDLL
32,62,31,64,8,BreathDLL
32,60,30,63,8,BreathDLL
31,59,29,61,8,BreathDLL
31,59,29,60,8,BreathDLL
31,59,28,60,8,BreathDLL
31,60,28,61,8,BreathDLL
31,60,28,62,7,BreathDLL
31,59,28,61,7,BreathDLL
30,59,27,60,7,BreathDLL
30,58,26,58,7,BreathDLL
30,58,26,56,7,BreathDLL
29,57,25,55,7,BreathDLL
29,56,24,53,6,BreathDLL
28,55,24,52,6,BreathDLL
28,55,24,52,6,BreathDLL
28,56,24,53,6,BreathDLL
29,56,24,53,6,BreathDLL
29,56,24,53,6,BreathDLL
30,56,24,53,6,BreathDLL
30,56,24,53,6,BreathDLL
30,56,24,53,6,BreathDLL
30,56,24,52,6,BreathDLL
30,55,24,51,6,BreathDLL
30,55,23,50,6,BreathDLL
29,55,23,49,6,BreathDLL
29,55,23,48,6,BreathDLL
29,55,23,48,6,BreathDLL
29,56,23,48,6,BreathDLL
30,56,23,48,6,BreathDLL
30,57,23,48,6,BreathDLL
30,57,23,48,6,BreathDLL
30,57,23,48,6,BreathDLL
31,57,23,48,6,BreathDLL
31,58,24,50,7,BreathDLL
31,58,25,52,7,BreathDLL
32,59,26,53,8,BreathDLL
32,61,27,54,8,BreathDLL
32,63,28,54,8,BreathDLL
32,65,29,55,7,BreathDLL
32,67,29,56,7,BreathDLL
32,69,29,56,7,BreathDLL
33,69,30,57,8,BreathDLL
33,70,31,58,8,BreathDLL
34,71,32,59,8,BreathDLL
34,72,32,61,8,BreathDLL
34,72,33,63,9,BreathDLL
34,73,34,65,10,BreathDLL
34,74,35,68,10,BreathDLL
34,74,35,68,10,BreathDLL
34,74,35,67,9,BreathDLL
34,74,34,65,9,BreathDLL
33,73,34,63,8,BreathDLL
33,73,34,62,9,BreathDLL
33,75,35,63,10,BreathDLL
34,76,35,64,10,BreathDLL
34,76,36,64,10,BreathDLL
34,76,36,64,10,BreathDLL
35,76,35,64,9,BreathDLL
34,76,36,64,9,BreathDLL
34,75,36,64,9,BreathDLL
34,73,35,63,9,BreathDLL
34,72,34,62,8,BreathDLL
33,70,33,61,8,BreathDLL
33,68,32,59,7,BreathDLL
32,66,30,57,7,BreathDLL
32,64,29,55,7,BreathDLL
31,67,28,53,7,BreathDLL
31,71,27,52,7,BreathDLL
31,73,27,51,6,BreathDLL
31,74,27,51,6,BreathDLL
31,75,27,51,6,BreathDLL
31,77,27,51,6,BreathDLL
31,77,27,52,6,BreathDLL
31,77,27,52,6,BreathDLL
31,77,28,52,6,BreathDLL
31,76,27,51,6,BreathDLL
31,74,26,50,6,BreathDLL
30,72,25,49,6,BreathDLL
29,71,24,48,7,BreathDLL
30,72,24,49,8,BreathDLL
31,72,24,50,8,BreathDLL
32,72,24,50,8,BreathDLL
32,70,24,50,7,BreathDLL
32,69,23,49,7,BreathDLL
31,68,23,48,7,BreathDLL
31,66,22,47,6,BreathDLL
31,65,27,47,6,BreathDLL
30,64,37,47,6,BreathDLL
30,62,43,47,6,BreathDLL
30,61,47,47,6,BreathDLL
30,60,46,48,6,BreathDLL
30,60,44,49,6,BreathDLL
30,59,45,49,6,BreathDLL
30,58,47,50,6,BreathDLL
30,57,47,51,6,BreathDLL
29,56,42,51,6,BreathDLL
29,56,40,52,6,BreathDLL
29,55,38,52,6,BreathDLL
29,54,40,52,6,BreathDLL
28,52,41,51,6,BreathDLL
28,51,40,50,6,BreathDLL
27,50,37,49,5,BreathDLL
27,49,34,48,5,BreathDLL
27,48,31,47,5,BreathDLL
26,51,30,46,5,BreathDLL
27,53,29,46,5,BreathDLL
28,56,28,46,5,BreathDLL
29,57,28,46,6,BreathDLL
30,58,29,47,6,BreathDLL
30,58,29,48,7,BreathDLL
31,59,30,49,7,BreathDLL
31,59,30,49,7,BreathDLL
31,58,30,49,7,BreathDLL
31,58,29,49,6,BreathDLL
30,57,29,49,7,BreathDLL
30,56,28,49,7,BreathDLL
30,55,28,49,6,BreathDLL
30,55,28,49,7,BreathDLL
29,54,28,49,6,BreathDLL
29,53,28,50,7,BreathDLL
29,53,29,50,7,BreathDLL
29,53,28,50,7,BreathDLL
29,52,28,50,7,BreathDLL
28,51,27,49,6,BreathDLL
28,50,26,47,6,BreathDLL
27,49,25,46,6,BreathDLL
27,49,24,45,6,BreathDLL
26,48,24,44,6,BreathDLL
26,48,23,44,8,BreathDLL
26,48,23,45,8,BreathDLL
26,50,24,46,9,BreathDLL
26,51,25,48,10,BreathDLL
26,52,25,51,9,BreathDLL
26,52,25,52,8,BreathDLL
26,52,25,53,8,BreathDLL
26,51,25,53,8,BreathDLL
26,51,24,53,7,BreathDLL
26,50,23,52,7,BreathDLL
25,48,23,50,7,BreathDLL
25,47,22,49,6,BreathDLL
25,46,21,47,7,BreathDLL
24,45,21,47,7,BreathDLL
24,44,21,46,7,BreathDLL
24,43,20,45,8,BreathDLL
23,42,20,45,9,BreathDLL
23,42,20,45,8,BreathDLL
23,41,20,44,7,BreathDLL
23,40,21,44,7,BreathDLL
22,40,23,45,9,BreathDLL
22,40,24,46,9,BreathDLL
23,40,24,46,9,BreathDLL
22,40,24,46,8,BreathDLL
22,40,23,47,8,BreathDLL
22,40,23,46,8,BreathDLL
22,40,22,46,8,BreathDLL
22,40,22,46,7,BreathDLL
22,40,21,45,7,BreathDLL
22,40,21,45,7,BreathDLL
22,41,27,46,7,BreathDLL
22,41,33,47,7,BreathDLL
22,42,38,48,7,BreathDLL
23,43,41,50,7,BreathDLL
23,43,42,51,7,BreathDLL
23,44,41,52,7,BreathDLL
23,44,39,52,7,BreathDLL
24,44,37,52,7,BreathDLL
23,44,36,51,7,BreathDLL
24,44,36,51,7,BreathDLL
24,46,38,52,7,BreathDLL
24,47,38,54,8,BreathDLL
24,47,39,56,8,BreathDLL
25,49,42,57,8,BreathDLL
25,50,46,59,9,BreathDLL
26,51,48,61,9,BreathDLL
26,53,49,62,9,BreathDLL
27,55,47,62,9,BreathDLL
27,56,46,63,10,BreathDLL
28,59,45,63,11,BreathDLL
28,64,44,65,11,BreathDLL
29,68,44,66,10,BreathDLL
29,71,44,66,10,BreathDLL
29,73,43,66,9,BreathDLL
29,73,42,64,8,BreathDLL
29,72,41,62,8,BreathDLL
29,71,39,59,7,BreathDLL
29,69,38,57,7,BreathDLL
28,68,37,56,7,BreathDLL
28,66,37,55,7,BreathDLL
28,64,37,56,7,BreathDLL
28,64,37,56,7,BreathDLL
28,63,38,56,7,BreathDLL
28,63,39,56,7,BreathDLL
28,62,40,56,6,BreathDLL
28,62,39,56,6,BreathDLL
29,61,38,55,6,BreathDLL
28,59,36,54,6,BreathDLL
28,58,34,52,6,BreathDLL
28,56,33,51,6,BreathDLL
27,56,32,50,6,BreathDLL
27,56,31,49,6,BreathDLL
27,55,30,49,6,BreathDLL
26,55,29,48,7,BreathDLL
26,55,29,48,7,BreathDLL
26,55,28,47,7,BreathDLL
26,55,28,47,7,BreathDLL
26,55,28,46,7,BreathDLL
26,56,28,46,9,BreathDLL
26,58,28,46,10,BreathDLL
26,62,31,47,10,BreathDLL
27,68,37,49,10,BreathDLL
27,71,40,52,10,BreathDLL
28,73,41,55,9,BreathDLL
28,74,41,57,8,BreathDLL
28,73,40,57,8,BreathDLL
28,72,39,57,7,BreathDLL
28,71,38,56,7,BreathDLL
28,71,38,56,7,BreathDLL
28,71,37,56,8,BreathDLL
28,72,37,56,8,BreathDLL
27,72,37,56,8,BreathDLL
27,73,36,56,8,BreathDLL
27,73,36,56,8,BreathDLL
27,72,36,55,8,BreathDLL
27,72,36,55,8,BreathDLL
27,72,37,54,8,BreathDLL
27,73,42,56,8,BreathDLL
28,74,43,57,8,BreathDLL
28,75,44,59,8,BreathDLL
28,75,44,61,8,BreathDLL
29,74,44,61,8,BreathDLL
29,73,43,61,7,BreathDLL
29,72,41,60,7,BreathDLL
28,70,39,58,7,BreathDLL
28,68,38,57,6,BreathDLL
28,66,36,55,6,BreathDLL
27,64,35,54,6,BreathDLL
27,64,36,55,7,BreathDLL
27,64,38,57,9,BreathDLL
27,64,38,58,9,BreathDLL
27,63,37,58,8,BreathDLL
27,61,36,57,7,BreathDLL
27,60,34,56,7,BreathDLL
27,58,33,54,7,BreathDLL
26,56,31,53,6,BreathDLL
26,54,30,51,6,BreathDLL
25,53,31,49,6,BreathDLL
25,52,35,51,7,BreathDLL
25,51,36,52,8,BreathDLL
25,51,37,54,8,BreathDLL
25,51,39,55,8,BreathDLL
25,51,37,56,8,BreathDLL
25,50,37,57,8,BreathDLL
26,50,37,58,7,BreathDLL
26,50,38,58,7,BreathDLL
26,49,37,58,7,BreathDLL
26,49,36,56,6,BreathDLL
26,48,33,55,6,BreathDLL
25,47,32,53,6,BreathDLL
25,45,30,51,6,BreathDLL
25,45,29,50,6,BreathDLL
24,45,30,50,6,BreathDLL
24,45,30,51,6,BreathDLL
24,45,31,52,7,BreathDLL
24,45,32,54,8,BreathDLL
24,45,33,56,9,BreathDLL
25,45,34,58,9,BreathDLL
25,45,34,59,8,BreathDLL
25,45,33,59,8,BreathDLL
25,45,33,59,8,BreathDLL
25,45,34,59,9,BreathDLL
25,46,35,60,10,BreathDLL
25,45,35,60,10,BreathDLL
24,45,34,60,9,BreathDLL
24,45,33,60,9,BreathDLL
24,45,32,60,9,BreathDLL
24,45,31,59,9,BreathDLL
24,45,30,58,8,BreathDLL
24,45,29,57,8,BreathDLL
24,44,28,56,8,BreathDLL
24,44,28,56,7,BreathDLL
24,44,28,55,7,BreathDLL
24,43,27,53,7,BreathDLL
24,42,26,52,7,BreathDLL
24,42,25,51,7,BreathDLL
24,41,24,50,7,BreathDLL
24,42,24,50,7,BreathDLL
24,42,24,49,6,BreathDLL
24,42,23,48,7,BreathDLL
24,43,23,47,6,BreathDLL
24,43,22,46,7,BreathDLL
24,42,21,45,6,BreathDLL
23,42,21,44,6,BreathDLL
23,41,20,43,6,BreathDLL
23,42,20,43,7,BreathDLL
23,42,20,44,8,BreathDLL
23,43,20,45,8,BreathDLL
23,43,20,45,8,BreathDLL
23,44,20,46,8,BreathDLL
23,44,21,47,8,BreathDLL
23,44,21,47,8,BreathDLL
23,44,21,46,8,BreathDLL
23,44,21,46,8,BreathDLL
23,45,21,45,8,BreathDLL
23,46,21,46,8,BreathDLL
23,47,22,47,9,BreathDLL
23,48,23,49,9,BreathDLL
